"","sample","EGF receptor transactivation by GPCRs in cardiac hypertrophy (bp_114)","Signaling pathway from G-protein families (bp_119)","CREB phosphorylation through the activation of CaMKK (bp_1202)","CREB phosphorylation (bp_1222)","Class B GPCRs (secretin family receptors) (bp_1226)","Eicosanoid ligand-binding GPCRs (bp_1233)","Free fatty acid GPCRs (bp_1244)","G-protein-mediated events (bp_1246)","GPCR ligand binding (bp_1247)","Hormone ligand-binding GPCRs (bp_1249)","Lysosphingolipid and lysophosphatidic acid (LPA) GPCRs (bp_1253)","Nucleotide-like (purinergic) GPCRs (bp_1257)","Peptide GPCRs (bp_1260)","Amine ligand-binding GPCRs (bp_1270)","CREB phosphorylation through the activation of adenylate cyclase (bp_1496)","cAMP receptor, G-protein-independent pathways inferred from amoeba model (bp_1666)","Cell differentiation by G alpha (i/o) pathway inferred from mouse Neuro2A model (bp_1674)","G alpha s pathway (bp_1679)","G alpha q pathway (bp_1680)","G alpha i pathway (bp_1684)","cAMP cell motility pathway inferred from amoeba model (bp_1687)","G alpha 12 pathway (bp_1688)","G alpha 13 pathway (bp_1693)","Non-class A, B, C GPCRs (bp_1699)","G-protein signaling through tubby proteins (bp_173)","Small ligand GPCRs (bp_1734)","CREB transcription factor and its extracellular signals (bp_175)","Class A GPCRs (rhodopsin-like) (bp_1753)","Class C GPCRs (metabotropic glutamate and pheromone receptors) (bp_1756)","Nucleotide GPCRs (GPCRs) (bp_1774)","ChREBP regulation by carbohydrates and cAMP (bp_419)","Signaling by GPCR (bp_535)","Protein kinase A (PKA) at the centrosome (bp_58)","Activation of cAMP-dependent protein kinase, PKA (bp_6)","G-protein signaling pathways (bp_605)","G alpha (i) signaling events (bp_620)","G alpha (s) signaling events (bp_621)","G alpha (z) signaling events (bp_622)","G beta-gamma signaling through PI3K gamma (bp_630)","Gastrin-CREB signaling pathway via PKC and MAPK (bp_631)","IGF1 receptor signaling through beta-arrestin (bp_653)","GPCR downstream signaling (bp_657)","G alpha (12/13) signaling events (bp_661)","G-protein beta-gamma signalling (bp_678)","Angiotensin II-stimulated signaling through G-proteins and beta-arrestin (bp_706)","PKA activation in glucagon signaling (bp_708)","Seven transmembrane receptor signaling through beta-arrestin (bp_713)","G-protein-independent seven transmembrane receptor signaling (bp_730)","Attenuation of GPCR signaling (bp_76)","Beta-arrestins in GPCR desensitization (bp_78)","Beta-arrestin-dependent recruitment of Src kinases in GPCR signaling (bp_79)","G-protein activation (bp_904)","PKA-mediated phosphorylation of key metabolic factors (bp_961)","Activation of PKC through GPCRs (bp_98)"
"ACH000008","ACH000008",0.0145904382324989,-0.350830800895254,-0.34661792695132,0.124591481815163,0.00220804711427375,-0.0711279488289759,1.64166853992073,-0.127022000627607,0.0957262188801512,0.191114888462465,0.351547674812829,-0.218424839579758,0.167227780660619,-0.106435389021242,0.285995420612955,0.0272721047730925,-0.0379939703124701,-0.139461000892147,0.0152482988428829,-0.136584053115674,-0.245129793853201,-0.25131816567845,0.0442076098201363,0.00957851659862836,-0.831422515074167,-0.0228470843713476,-0.28788949893969,0.00160780616778417,-0.0990115780540266,-0.231705793156271,0.178257247805224,0.0189057755255741,0.0217645202229597,0.126173217011268,-0.180275799386244,0.0414082564607305,-0.117288498706067,-0.21632218213712,-0.505724489024463,0.111466446503306,-0.293469364939238,-0.149135658754297,-0.081270461925083,-0.0719196041574361,-0.191128028650799,-0.179827220637955,-0.129312731364791,-0.351148906208194,-0.112487334532582,-0.239250361908456,-0.302311891211646,-0.0516452820258389,-0.220565061979696,0.128085432516897
"ACH000014","ACH000014",0.201906946891864,-0.417824748033496,-0.545668903764524,-0.385107213730032,0.25363873792665,0.381702151388928,-0.31004422321997,-0.143787581543904,0.274147742275265,-0.146236662740105,0.644829564795054,0.0366727991595466,0.332425816245535,0.118946857638092,-0.249568567949399,-0.0545706824945863,0.0549926805238897,-0.0446402930077883,0.0957593661962987,-0.0258763058541436,-0.093980726473298,-0.108855456456098,0.113150692595451,0.191141550336191,-0.669318464408866,0.434878894343074,-0.317463725447361,0.20428820070026,0.101368480775103,-0.11697782648504,-0.031660569953441,0.134584028042207,-0.188640708328183,-0.394037317009019,-0.206209304258112,0.22033410056809,-0.00410929464584315,-0.181063990992655,-0.297349943090267,0.14376959251338,-0.251312294294701,-0.129127045085673,-0.0960038128630585,-0.00220960221420325,-0.129608477004121,-0.144986361764777,-0.0394346402298524,-0.206648010560239,0.0997775591401002,0.0534235561090013,-0.0428292394800968,-0.163951349660674,-0.0914160724706245,0.00116425542404225
"ACH000219","ACH000219",-0.190500012807397,-0.0872901723697812,-0.231704140334802,0.266285520047772,0.0361350366268345,-0.20593372337205,0.102826357684879,-0.145706453930153,-0.0719001031586133,-0.16858153354996,0.656631940415011,0.533380250966497,-0.166247884277277,-0.070412294048172,-0.769068542951168,-0.917643391792246,-0.226778880008936,-0.13645536187747,-0.113180166297793,-0.21763232065515,-0.119031972947539,-0.31552400949076,-0.145635613143817,0.126277641392157,-0.111414692973134,0.107607269604849,-0.518246240372082,-0.182824702534364,-0.130067798871656,0.411470624911556,0.025714365266807,-0.0608672066219999,-0.134171118917133,-0.231001052509242,-0.130132747241052,-0.238337849101137,-0.124139897831071,-0.209367164500551,-0.555787799592184,-0.00971240206618226,-0.166216500153688,-0.643347687126663,-0.022871639833207,-0.211326464076333,-0.139082395705634,-0.145936446098297,-0.115518800323186,-0.273724615081627,0.139930859721292,-0.288667177681014,-0.0945534860218609,-0.2601050659041,-0.475721798195842,0.0417751724393404
"ACH000304","ACH000304",0.10173327378843,0.659845995624063,0.872969494380145,0.061986916467225,0.498985055141675,0.0678365001881086,0.217394518205894,0.192598173672813,0.168238443624463,-0.021094447370429,0.725924147991411,0.101156630753867,-0.0580276333443573,0.387107884308129,0.0307302570300691,0.225986669881916,0.251852835577617,0.0610497582357788,-0.0305650795166693,0.142855800581913,-0.191914546201647,0.234751190683168,0.210486234442137,0.210182530985519,0.160844935389754,0.365445435091669,0.424538672580802,0.0905466296435126,-0.563983878190848,0.429075780444731,0.320588584089607,0.163120305062287,0.0635555740876659,-0.156143006908301,0.132634889839429,0.0349307228571999,0.14944704064698,0.0578022521131669,0.658433103801316,0.130896414015188,-0.135205940930768,-0.255352126033089,0.273254905479678,0.263117914206187,-0.163167013247384,0.0786605625738703,0.0523594462633566,-0.0443763401186851,0.401413888946558,-0.359819846709272,-0.240356188092961,0.301354600606149,0.699471233510917,0.249352527513446
"ACH000322","ACH000322",0.117856754820657,-0.157992293024971,-0.096311732443582,0.208892243922023,0.204003916375042,0.0146298432080565,-0.236038741499615,-0.0123867957036747,0.030080073742524,-0.506110290107819,0.800839989007093,0.110700350312393,-0.0721109646146514,0.220154810866984,-0.100667709403369,-0.0570665273694347,0.0609785224974893,-0.173214939950291,-0.105189703953116,-0.0180413404811149,-0.0854034686021462,0.040770062264287,-0.0877196813591452,0.160922558205752,-0.0992737739711016,0.0804676789570468,-0.0781000258752928,-0.0824483722857749,-0.259580048274076,0.0870246630606965,0.275862996493149,-0.0435540345731333,0.217252189110088,0.0899576692814617,-0.118999145611627,-0.0129273712807607,-0.0575235342681075,0.0773009498772844,0.395658427516932,0.110615113558303,0.0974682941465711,0.0635947018917052,-0.113615898978871,0.140646768423541,0.065639854528016,0.0711286285877181,-0.0194109476996667,-0.109654881174467,-0.119905103250442,-0.0471647899041613,0.179141031575468,-0.0682109266245175,-0.409253807692265,-0.0377169038009764
"ACH000348","ACH000348",0.202563545681685,0.154458735027228,0.38453483654269,0.140314573436801,0.473469398861986,0.872782417639439,-0.644768181704233,0.0761105793543127,0.471281763554555,-0.414928460621631,0.288332985026381,0.960257723093186,0.507737085416229,0.46982398903125,0.429058821714983,0.57503779326987,0.0537573538340107,0.074993141584949,0.0254443401086927,-0.0238520245345031,0.136948313007788,0.148005986226305,0.0592041109269465,0.538027638162165,-0.517357310189894,0.957536862479728,-0.0835828609011553,0.562617273858024,0.116587578894309,0.764821994899695,-0.357058296421054,0.291893262387941,-0.145736002307031,-0.0645326366657753,0.19347479625905,0.37951411018061,0.309009071232496,0.189643377292354,-0.126159110125459,0.396682801432135,0.0505564956682404,0.804853504866931,0.38392327471397,0.404046847435286,0.0597899179934298,0.136479097681856,-0.0368738111890443,0.105657120606706,0.00442781133923291,0.857665851908743,0.463744469438322,0.582379293116557,0.452087161247156,0.400565892433079
"ACH000401","ACH000401",-0.0829550997659057,0.188324503255159,0.0874772018011626,-0.367708144301156,-0.0626132866612966,0.0948553133326946,0.280394440362946,0.065721157303005,-0.000141305164097011,0.204836638245349,0.33084730807841,0.208781343330757,-0.0590226659000426,-0.00774100238575412,0.199209980450799,-0.131530425899048,0.118602771378802,0.0407316102996745,-0.0915941009102834,0.0658985244768694,-0.0909417267784244,0.134359818376711,0.0583806822696429,-0.100005258266194,0.0294450554048653,0.0219399159533313,-0.0549462262526562,0.0110292311719962,-0.203924416136115,0.422084553070504,0.229480274535191,0.0242393404182299,0.358909061217799,0.289829356956411,0.114820670234416,0.0355654056600815,0.0937092804874913,0.294698873782793,0.583876218856363,0.0909472776192872,0.0706817904648702,0.262275539392543,0.144170877074675,0.31232274608459,0.114179112993796,0.150340499323064,0.0826335289964682,0.211115463394451,0.0928392264208167,0.479508800211115,0.538545163549182,0.267969850337081,0.206751192394416,-0.0629281300978667
"ACH000404","ACH000404",-0.266849931067415,-0.33683308740081,-0.549319899740435,0.122752864084112,-0.0228610440834546,-0.398271630894208,-0.621625230852322,0.0218739849498903,-0.123984226151448,-0.0307162556303956,-0.451307998730095,-0.124687048046264,-0.166715201729866,-0.102197631640108,0.129525248786625,0.196338135008028,0.0243748181612805,-0.0686354187915089,-0.2279986137743,-0.083643322078458,0.101427876463855,-0.25046674904682,-0.10377368303546,-0.0936021994101273,-0.23864168531131,-0.5218083455585,-0.107859605914171,-0.132513224131482,0.43035237009504,-0.306301835026945,0.406243114038716,-0.060516295848071,-0.156643341837049,0.750939014638537,0.124985729967482,-0.0697253727271331,-0.0335159988287517,0.0693819065675484,-0.266089111125335,-0.180295406467039,0.0988948612603229,-0.244041078293532,0.0847559547703271,0.202364837272669,-0.00721202126061478,-0.0103191186467362,-0.0119681581458589,0.124586062269408,0.317719281804348,0.135901344958822,-0.277579295858272,0.0985889857621543,-0.334545077240959,-0.304789008736646
"ACH000423","ACH000423",-0.032504902960825,-0.448605687884583,0.462657888312613,-0.466155534040868,-0.136302803385204,-0.361552548402251,-0.79191079592547,-0.270370457709308,-0.149939410939545,0.231317419307479,-1.04529128365539,-0.504117901695771,-0.121029761232747,0.0788199841993,0.146063601672261,0.350658572803331,0.018671267704632,-0.0960670447666684,-0.278801727605015,-0.0986167322335631,-0.136711424397196,-0.29485241047105,-0.359057894877974,-0.214971794458269,1.018073898584,-0.480203926503429,-0.12296418249303,-0.11248247317213,0.0801075770195668,-0.232915663740505,-0.309557923892779,-0.140795866922004,-0.229215031126275,-1.9181148279734,-0.153084124933139,-0.103853731969873,-0.0459009414504673,-0.0226194738902229,0.116430665494398,-0.305003875678065,-0.118339296557888,-0.68181468876122,-0.173717014913549,-0.337494025474074,-0.224890208832452,-0.351722876293991,-0.139944469762605,0.0461722436132629,-0.244577104946724,0.244989986575136,0.305266728996995,-0.338223231022304,-0.563807853174901,-0.154989602995173
"ACH000425","ACH000425",-0.393652940076683,-0.193759094046915,-0.618851919719643,-0.263453868001665,-0.0623843001791186,0.199235688137937,-0.396761751914582,0.0105746427154163,-0.0828511304492351,0.916729818303432,0.12484914094569,0.459287206288893,-0.185108328870221,-0.0356920658111564,-0.0700884909037588,-0.180865716160215,-0.271245440865979,-0.141979917538383,-0.138278379153294,-0.157319283921781,0.0540662640695336,-0.241407096498153,-0.308603265948197,-0.201772105437183,0.645551246944754,0.000864885054892435,-0.428598194341541,-0.152865512268055,-0.10453753876791,0.581409708741334,0.126640582560638,-0.136675873511375,-0.465009364765441,0.35408732607202,-0.228025145755715,-0.177728780394267,-0.180338089974112,-0.0997508757265348,-0.760332072979343,-0.125733900319837,-0.210657105395403,-0.296270311515068,-0.364317939303146,-0.227885641399645,-0.0366990875767592,-0.113883750682543,-0.137750180839639,-0.303843413009173,0.0980229910043797,0.219006130172877,0.10981526452966,-0.141453315702437,1.29328188767073,0.0240174388556459
"ACH000441","ACH000441",0.15848550857871,0.0540296322104782,0.539553627321913,0.365617014796104,-0.101716178770384,-0.401069493854771,-0.615052569308652,-0.0280093598610548,-0.1953987330439,-0.073628380826144,-0.93930113627545,-0.193054814131515,-0.154868789910333,-0.153276346403852,-0.121658332097006,-0.152980361327983,-0.165312463672213,0.0330555770069656,0.0904949080527785,0.0865129862697654,-0.143183477115102,0.0959862486520979,-0.0302681878678466,-0.197828919389784,-0.356793613979564,-0.78567123433115,-0.163146807713704,-0.211030354403688,-0.351712016014973,-0.396327830040316,-0.165109954218559,-0.176337627346271,-0.475697212609847,-0.00889838225299313,-0.0928578159767331,-0.0716221402836224,-0.0055703821552649,0.0977092822633094,-0.664360055081135,-0.118718943705901,0.014143766687321,-0.151361129859302,-0.293663325521751,-0.106915073195135,0.0829150727374757,-0.168480770905556,-0.100091795818019,-0.0770462789847709,-0.661149034426034,-0.414868926196411,-0.148763908284932,0.006648612234653,-0.723307298288968,-0.159950332786732
"ACH000465","ACH000465",0.174958387600532,0.162767464429876,0.0408857572786898,-0.102426379097548,-0.257306296616832,-0.11720037712604,0.829095580005721,-0.12964600723244,-0.242053545201452,0.207701738398115,0.264546746995637,-0.415999995570923,-0.172292228023218,-0.366565837101578,-0.487967845622851,0.0429851233937968,0.0445633308755921,0.0930166206473011,0.187054630652286,0.228201755306426,-0.0526046328775994,0.270937527149702,0.234121647262717,-0.0787290787180061,-0.715547093312129,-0.198545506646726,0.130544338042869,-0.230477451756486,-0.181395543095588,-0.111046454597779,-0.216288942234323,-0.0935891579827659,0.0262111526236305,0.291931292069201,0.00712330720373144,-0.0665132107453435,-0.116868842123391,-0.0478019688599784,-0.37776239478115,0.043383458340467,0.224982103754047,0.444511265433379,0.0433723134135897,-0.205243199917442,0.340748390252534,-0.0815868598146473,-0.000930164536232262,0.359785357273884,0.441002092621657,0.381116553680616,0.327186444874142,-0.181726976892628,-0.794589762768343,-0.206910110101888
"ACH000477","ACH000477",-0.0305803838737284,0.326336489549833,0.881959207792858,0.613025017854917,-0.125845329773016,-0.255059207012102,-0.607565070439342,0.232217288379882,-0.0278043787133465,0.293538055887498,-0.459238305915422,-0.182302603015089,0.101402649596749,-0.303710837345626,-0.184291144697123,0.649724091811382,0.178248458972431,-0.081005568605077,0.266762577111379,0.0910167466264526,0.164955751417215,0.0416325783355907,0.272563191350132,-0.0805824568015189,-0.751479337376203,-0.239422116252192,0.307560312456509,0.057557312200884,0.196641089598685,-0.116158838227271,-0.271829996657879,0.0064937189868866,-0.300633040016285,0.486285914449989,0.10621864058876,0.0835476715936407,0.0478771755179317,0.18722521216596,0.790197121546042,-0.0932154085676521,-0.318434476361273,0.00214323225126425,0.141080585398939,0.108027479861558,0.192069563801228,0.288714214504061,-0.0810436288262419,-0.270362163945376,0.0682305923031226,-0.139627909980082,-0.323470350568144,0.063158040687503,0.172175786410598,0.209743429331629
"ACH000550","ACH000550",0.161148537360817,0.150770560348513,-0.0306236087849983,-0.802891784243252,0.247466036946334,0.697300474135885,-0.173448217998468,0.0942930878912259,0.219904507215333,0.44370946457577,0.638212291620518,0.686504477828029,0.0974095286178912,0.447001529098237,-0.246485841307449,0.0813015365460208,0.0640022402689338,0.202390856097288,0.146834357806281,0.206253431704785,0.132016429747128,0.182967108423291,-0.0705590006423904,0.412979413420045,-0.320859671886489,0.685057424790607,-0.0467105457576788,0.167754788201673,0.211496726428581,0.555073311976001,-0.0821989541985609,0.155571000638961,0.160471344957823,0.509159710207163,0.124120273143292,0.201311343583504,0.20832947840155,0.155255878275917,-0.0782774790931702,0.148164816585887,0.415401218126765,-0.294845946740512,0.173059636210256,0.0427422709848774,0.271758402763907,-0.00294650879502778,0.121725009815115,0.335158508065056,-0.292136725441148,0.309033775836607,0.114716118954991,0.210009071596411,1.36086488712674,-0.11442961547342
"ACH000572","ACH000572",-0.389274586808801,-0.113312848494323,-0.105822246838783,0.145431733347668,-0.114532134798919,-0.752756373864142,-0.857356953245011,0.236087386943609,-0.318941588170928,-0.532678776730202,-0.085009454070815,-0.45582060300902,-0.332185408982234,-0.541926241922602,0.208875870205445,0.116792337083645,0.0327907833032721,-0.0269196543670042,-0.383083011362699,-0.0622485558581269,0.0797604897592986,-0.0211042391640727,-0.261828462156741,-0.471374590334888,0.476325829263135,-0.362722122719925,0.222786281565054,-0.383583982605601,-0.447890359398084,-0.379502692821673,0.0924432849306338,-0.139586188335544,-0.00689577516308087,0.666261672394605,0.265697208053265,-0.201078816043081,-0.00794821335261442,0.0300472381326024,-0.194224178728548,-0.262031565904981,0.268790264959676,0.469894344561868,0.0662730800513042,-0.00665260434233702,0.059338974487509,0.104331373155148,0.0134880348650945,-0.0465681875604605,-0.221598270490761,0.365454640775503,0.280759320344301,0.0907934735821646,-0.437242713727854,-0.290942991470531
"ACH000579","ACH000579",-0.238913062599498,-0.374813121698088,0.357032456969099,-0.142281449856483,-0.39753078673445,-0.451680893344572,-0.5812601831454,-0.182778781816703,-0.388240497901355,0.0566569292212155,-0.428846245904899,-0.37398258985471,-0.424486167401886,-0.247517638483238,-0.0356991911226879,0.23347673231839,-0.161631818072027,-0.0654864715024715,-0.133964618867026,-0.18011789318971,0.044318380724902,-0.0706285209856167,-0.184491101330885,-0.154033146331658,-0.027606663659909,-0.793198313218822,-0.305517461155762,-0.34117378238384,-0.383327889526645,-0.494855275260265,-0.157054684865634,-0.261273761890772,-0.110365374051049,-0.017327573492064,-0.229648520517463,-0.275536479581455,-0.204899368520681,-0.173108151339392,-0.411020584561308,-0.251711588861782,-0.0446509513574186,-0.701019598846554,-0.125525144295761,0.010227885912464,-0.153144285027601,-0.332928755578567,-0.0715828246054491,-0.0523323920240864,-0.0866968933167239,-0.274285832054305,-0.190780448649161,-0.121420396604177,-0.975266380198807,-0.90139528173804
"ACH000580","ACH000580",0.356119641643902,0.487550190944172,0.0486148249735242,0.474386681255338,-0.0867600751748044,-0.120195185369944,-0.54071235409217,0.180930353313935,-0.183234108106475,0.0743974191470294,-0.526581111583095,0.0654664988174399,-0.197977192705908,-0.21685883586518,-0.430737208412131,0.0368514046034717,-0.0254963176994166,-0.00333691065782323,-0.162046067481202,0.0657233881798845,0.15766400514695,0.157986500692066,-0.137293692476107,-0.0795143650556706,0.276462796337607,-0.0204467565502964,0.0775975839275979,-0.169823460770068,-0.0928830045604608,-0.0376912295767829,-0.0906407115593605,-0.104798401766977,0.3802259705925,-0.0731188726217619,0.165840722571572,-0.171063676307005,-0.0165061040683627,0.0244288982239782,0.445152204454937,-0.110045695158589,0.0625299081027416,-0.448638942490424,0.0439451101811133,0.0889058794007518,0.249171879586953,0.123303889639119,0.103060995691552,0.003659375224527,0.1940389799446,-0.182958615394939,-0.0261860469809826,0.184851370447172,0.126843352756897,0.533897759872842
"ACH000614","ACH000614",-0.0699865273028308,0.0796063338274557,-0.880588384192999,0.338383817657288,-0.0676817129906978,0.0440131248780108,0.439582138845168,-0.167496665640261,-0.116714701616115,-0.454934654263609,0.219351761560318,-0.24191748033234,-0.251818222139158,0.0987699166511408,0.189055361832138,0.266240916055365,0.115502809171093,-0.0964639675534963,-0.0130646277213336,-0.0226674276386144,-0.146491277982289,0.115267261418152,0.0978956075643459,-0.0355280533410878,0.673745273322787,0.212123340885261,0.253458579120571,-0.136605824423404,0.435107515136285,-0.148720855929053,0.196768417232104,-0.0764353286700743,0.0925180374165657,0.0325192066120523,-0.088964582222923,-0.0983348908001479,-0.0585444735464236,0.0511071571732971,0.0146414766452664,-0.0831095442981012,0.119868632236339,0.22592574769324,-0.0184344672117444,-0.0560966768457291,0.0446848089237614,0.192619856448325,-0.168490143104486,-0.139626374309322,-0.277536919012616,-0.101809645694889,-0.0618345940694355,-0.251553725934289,0.0535668727835145,-0.0365100328207824
"ACH000615","ACH000615",-0.273048838396424,-0.0874708879610428,0.320809511200252,-0.227284286172558,-0.157778247215551,-0.430002146597251,-0.855918981638195,-0.0112016091934607,-0.0719149119009539,0.825549483619111,0.263291468693767,-0.139967561686775,-0.0822956966472887,0.0568182781938339,0.00181524340430259,0.188806566399657,0.0480138833917223,-0.100865385288008,-0.0977294545314484,-0.0672695898221631,-0.020719847275721,0.0699074761422539,-0.16568943383531,0.0685172985422627,0.819894930351318,0.178009012657362,0.00758216082059683,-0.0242417027776454,-0.289588811640157,-0.0372151805085171,-0.171542802075937,-0.0702950405399998,-0.249332104839217,-0.112065054284449,0.030416315644463,0.0214605827605413,-0.0367981648548974,-0.0407230070178868,-0.0979466935288117,-0.105636965696132,0.0793218697898523,0.751601698325251,-0.0541657289333642,-0.259899027799067,0.00385769676421937,-0.227092713524334,-0.0729453207232194,0.23869940350165,-0.273109074677496,0.0228607340471347,-0.14821711955354,0.10983870307382,0.0153629202577234,-0.5678872630171
"ACH000640","ACH000640",0.213804136895308,0.214938550754826,-0.162743162061359,-0.167803334392694,0.0759804491270341,0.376717175050154,0.334345327029263,0.396924610497542,0.237760357993264,0.000526282291106195,0.383897518588822,0.606150181577147,0.237440322737633,0.277255028588643,-0.588966448379278,-0.235773535202467,0.106524427797802,0.320379470093147,0.114249072353742,0.232595583297909,0.280316887840835,0.105695133791765,0.0436508291920514,0.101943875017585,0.362597706459289,0.636581476248561,0.145868459575305,0.370577361706406,0.344440624642061,0.433103198196863,0.437266637102815,0.233819796384635,0.346696735657691,-0.204514862439835,0.263362954842968,0.315292009144317,0.118816743014641,0.142937383666206,0.84830876513092,0.235809679071805,0.0885349444205999,0.690921109037409,0.145574452273397,0.164434203623255,0.0814654523229366,0.152029500201402,0.212343894215906,0.259361336921508,0.413046206053964,0.0955612461248708,0.027144234883681,0.320282042385253,0.533454014117087,-0.167986395461368
"ACH000644","ACH000644",0.064246461416582,0.0617109647575352,-0.832608375014203,-0.117002804749282,0.039463657483621,-0.160336841022838,0.0956474814649338,-0.0145126924115534,-0.112494625737623,-0.436519022393241,-0.464196605353154,-0.298358458215927,-0.117894429570959,-0.362577161513344,-0.235235588026884,-0.0379719997810444,-0.0439905675920514,-0.0590780712178147,-0.0107579803423158,-0.107854821042465,-0.00504991930146095,-0.103517667651592,0.0567276081368174,-0.0785645919911893,0.788509939584081,0.0395915059684009,0.039524762979635,-0.0777889043655991,0.209296689605417,-0.303673407561193,-0.251681729256368,-0.073237689820064,-0.404641800312559,0.394152609724106,-0.0266509097168256,-0.185634893081761,-0.11190719708827,-0.21459613445746,0.111692567755618,-0.122606654212934,0.130102959529422,0.0898421628363214,-0.209137300037338,-0.272863502787759,-0.0243002719340833,0.0396114607439348,0.026848811514496,0.111930308176324,0.0161353473331029,0.109322769173436,-0.152536448894743,-0.520592652694796,0.0568475762523062,0.460056148667632
"ACH000650","ACH000650",-0.0566799819059176,0.0570172797713649,-0.00540952540650225,0.105086314175642,-0.258494336631422,-0.52201527187911,-0.741247857141347,0.157157218582164,-0.360567625907311,-0.22682218667576,-0.722325305906267,-0.259340033080877,-0.410639754561871,-0.185557498821036,1.57895880415304,-0.283642143063006,0.00585298756131614,0.0722527877090209,-0.316804575552551,-0.0168047862812861,0.115274843504161,-0.199998620153107,-0.386881770785496,-0.201827286732511,-0.360432801949803,-0.719338066038185,0.314097411594836,-0.325021308564583,-0.285930523103095,-0.310966396687243,-0.150296808317273,-0.165628158414789,0.285044339342547,0.860428761177321,0.19313034769967,-0.249171144985777,0.201023596275825,0.254816565261427,0.164187246557843,-0.341576189181754,0.0252467150305387,-0.375313140387826,-0.0577562183748178,0.0523252917051159,-0.0504654672004802,0.460973521373027,-0.00622017510746071,-0.214664347645261,0.179577191318279,0.162150658756031,0.267484337217979,0.320892333138811,0.419146679307598,-0.569438014177087
"ACH000730","ACH000730",-0.195936947215512,-0.147897037234073,-0.344495142521808,-0.733955858670637,-0.241740403096121,-0.195186164254231,-0.33091518683115,-0.0288188527265501,-0.168378805749074,-0.104752860630686,-0.373619403045316,0.290323434241426,-0.167026102994294,-0.0602588965013478,-0.169842217911639,0.0659922302178139,-0.283458082449365,-0.165456067961864,-0.22782440363665,-0.199452950709103,0.000970075364484618,-0.306997510989467,-0.186948422529135,-0.115531557013701,0.0924143282273716,-0.410748991551298,0.119497301826926,-0.0938389868442302,-0.281548591219433,0.484892248142748,0.156514702171289,-0.126078543931417,0.0333325890996154,0.462869738746195,-0.0745257471297149,-0.180790923894248,-0.0358809228253258,0.0241485396973712,-0.310135632222274,-0.153441138694783,-0.303340055215702,-0.0264279452977537,-0.108037356789567,-0.232879440767758,-0.0548199959440651,-0.0172089156900275,-0.205363348095379,-0.428746653966819,0.382066631515507,-0.149767376141607,-0.182417249199192,-0.18811082528112,-0.303113135913266,0.0487940306839885
"ACH000750","ACH000750",0.370779123431062,-0.0603145092988873,0.670688135408125,-0.0757797722991908,-0.390223067983642,-0.0119549869224159,-0.723662637631901,-0.429290813943815,-0.171768806213581,-0.0756427696733768,0.167214267251941,-0.392408424844371,-0.0906701995302797,-0.0986040538831952,-0.130078235647973,0.164382945946319,-0.331195416795085,-0.0984031320187836,0.086937933742402,0.0311498168850814,-0.0539260365455024,0.232595426598724,0.113706287750326,-0.356770044448878,-0.100575450905563,0.201749654826829,-0.0710610757798541,-0.225478569701789,-0.5896854028716,-0.382870635124474,-0.0939630415963968,-0.0927841596720021,0.688163440841921,-1.96353143384465,-0.151237375525921,-0.18363552378374,-0.171711733662645,-0.187839172325314,-0.339649563037576,0.056150493841063,0.130131355219606,-0.970850027262433,-0.237508764816505,-0.201233749943357,0.084027949521804,-0.69149321685719,0.0447555881089557,0.282910510570967,-0.359416484549519,-0.454527567206668,-0.472893311849733,-0.392575500477689,-1.43269345460323,0.991599433065088
"ACH000788","ACH000788",-0.284169322694024,-0.153500772042347,-0.213629396810027,-0.106744313473289,-0.0520317623959397,-0.366527680876061,-0.74583374492796,-0.144240096535495,-0.145276921078674,0.152504100316959,-0.148386520127614,0.174519106532486,-0.125593558581312,-0.356479351204225,0.040876572202314,-0.598836721596783,-0.114949663075772,-0.0344300185982041,-0.240987146055978,-0.22306598474505,0.15158428523682,-0.0280979308418027,-0.0242227708490767,-0.101557034116462,-0.283668589215753,-0.307454112756516,-0.0483973872267737,-0.285977687460152,-0.00027452906312015,0.233228444415837,0.0354447161458162,-0.111270016922588,0.337642681384007,0.100389063404397,-0.0131869496722089,-0.152301630041877,0.0039903202319281,-0.288536556234566,0.213059735073871,-0.0963987681663578,-0.020782258286216,-0.235463166046801,-0.152870330073708,0.101791768376492,-0.142327075891414,-0.0569625634258588,0.168405143033357,-0.095025326118992,-0.0289296313926587,-0.246511986803318,-0.197206553344513,-0.25093288605071,-0.278612209568824,0.172737831613959
"ACH000799","ACH000799",-0.0471631595686977,0.145721398506801,-0.220197931118269,-0.169280600412854,0.620890262103213,0.682240830991132,-0.763773609422943,0.0386406504961431,0.428222937317565,0.511878856434194,0.352207073699849,-0.174407904831033,0.277263160981038,0.737458542052082,-0.232358938653518,-0.424847739514197,0.0475759294001989,0.123238163035153,0.389047983807448,0.227614550921303,0.0949991437111048,0.157600117512335,0.21230006137373,0.501775069216959,0.0939891781298956,0.249480405559919,-0.0581717893192665,0.233822261934078,0.889758522256691,-0.234861209740235,0.0365668711718637,0.298590924202312,-0.212558700999145,0.429264097021663,0.063224064008254,0.377796532636882,0.203900970402558,0.43867294028018,-0.286372580651606,0.15190712642072,0.113340592217874,-0.347307990871463,0.19220152739032,-0.102321715635857,0.106045701762228,0.467324010866308,0.0318867987415638,-0.0321798732377856,0.31632538458791,0.893442538027813,0.596236623361134,-0.114385133075206,0.525911351258248,0.068791462060083
"ACH000805","ACH000805",-0.0684145806371687,0.127777853375511,0.199996299495805,-0.243185845633796,-0.36047668377027,-0.600091233946415,-0.238301219177655,0.160507829477177,-0.216043316659663,0.172366762172412,-0.109640608108096,-0.0596144760237311,-0.105804129632514,-0.274035044854162,0.301841140435732,-0.700651619519522,-0.140455687983096,0.0868369440256959,0.11798226619893,0.0892497541876493,-0.000729884378601947,-0.00788421383012435,-0.0623683335921923,-0.138184364498855,-0.137861204599288,-0.336013476627464,0.335140868857389,-0.110181157519149,-0.248164960146932,-0.41121411721217,0.0114359756257447,-0.158639657149674,-0.00293355187861985,0.564843062005712,-0.164658080436268,-0.121010065181362,-0.305041619843616,-0.280265382770589,-0.138658955844778,-0.108905766373078,-0.0507202260992583,0.325538978497508,-0.377997131758369,-0.369250244795204,0.10390545634659,0.139887387379781,-0.0552994998751853,0.586094114126099,0.192205232548197,-0.157357085430978,0.210848927767227,-0.428121907348087,0.22025512419216,-0.324328510553526
"ACH000812","ACH000812",0.220474990945031,0.243893741820549,0.246499874114472,0.123971730817117,-0.0884326852818436,-0.246741482848763,-0.294786385968277,0.303135976006527,-0.0129704573891624,-0.208974712056515,0.514543990763587,0.287722020982188,-0.0590233860209392,0.200912993328263,0.913752532836221,0.661946130920456,0.164733058116623,-0.0389673522242907,-0.0538618319170567,0.0772636586253407,0.105109858163626,-0.0279173928602135,0.103837099377676,-0.00894507445154097,0.906243651600849,-0.199202033627491,0.401525359918566,0.027104391469829,-0.117423129454852,0.458336039414138,-0.078690015690084,0.0371358715693283,-0.135441972590196,-0.214129442105928,0.208465224812344,0.0631399951472875,-0.00853794512995617,0.193284838977329,0.504450738877877,0.1166362197468,0.288441746161116,0.925370159397731,0.214055092319718,0.208584702850699,0.088695621426334,0.267507324845743,0.0185667805711383,-0.0102718683240018,0.166068088734738,0.369406453455173,0.224961252488151,0.273304229212803,0.416638932302957,0.362339466426649
"ACH000814","ACH000814",0.265327308840203,0.0841184627647269,0.0179372951381038,0.633689286408967,-0.244600012094716,0.598119178090868,-0.73448091375458,0.110865148555743,0.0232839500182431,0.223638749422954,0.0511787584515235,-0.219199514129426,0.105151533598109,0.165618436309603,0.088889896758127,0.528872272530454,0.016377869378945,-0.194791920990641,-0.0964007567338587,-0.0774400385520292,-0.0281914164431197,-0.154144762479041,-0.0574302958216092,0.0276976807751441,0.17411528585707,0.313309648307281,0.252676868740244,0.0560479480879271,0.0248267659607606,-0.117060093392051,-0.169134577857465,0.0313006749418494,0.123118070643003,0.275952803200478,-0.108169610158483,0.0995460097845877,-0.0316047439786435,-0.00139407369142139,0.640854111751381,0.0887449992977378,-0.229694223284091,0.0913541375797517,0.0897445923211923,0.141375522196127,-0.0866392525896691,-0.0172393289314216,-0.0605982301271813,-0.186386565176683,-0.156455119218886,-0.275976685295752,-0.169903840145893,0.0634118516439786,-0.0042157623678779,0.405357926462945
"ACH000822","ACH000822",0.522475750292062,0.12410715597013,0.124962541682486,0.151857634667451,0.00289723094409285,0.165131149244275,0.88951787424903,-0.131795696120552,0.0796018113803176,-0.471180239872083,-0.49710603573486,0.227663824547105,0.0506665410365166,0.217854174695996,-0.607580730373011,-0.099930410288353,0.211735651745507,-0.0424000980403668,0.166217535246014,-0.0188193446197992,0.0211385783417598,0.0958387057896312,0.334285385824417,-0.109455641979125,0.330335836496475,0.295835265353652,0.0426060623815408,0.0891525649865999,0.354404157029319,-0.162891872427875,0.135501057875152,0.0979558513526547,0.105983996455754,-0.0428724565425963,0.0454725066055582,0.0947054141383236,-0.176023628191417,-0.0963487980143223,0.591702223920458,0.12597243767663,-0.184390378370839,1.14393803647616,0.0961535098517037,0.512154402712533,-0.119627570510813,-0.258017234367069,0.00628539731792023,-0.268501659603193,-0.215074614395353,-0.262634221410987,0.0534278615106132,0.12485157785364,0.210137195346707,0.700186458828101
"ACH000882","ACH000882",-0.401640369436951,-0.682473825120739,0.598544127976231,0.215697175785226,-0.282699064157647,-0.224061452168299,-0.406905098760498,-0.384338262284893,-0.228796926370776,0.0498626301870266,-0.341619451963131,-0.249939950026582,-0.164728835847139,-0.274668393694366,-0.0347938027206342,-0.589016024240311,-0.092013645130945,-0.00326111361307422,-0.0240409217525257,-0.181207552558063,-0.220875361654745,-0.0334254421802455,-0.0199639570009256,0.0796479905136618,-0.830102808340599,-0.676963069346437,-0.479088009785166,-0.114564576869939,-0.112160389948313,-0.233192488030228,-0.224133491985026,-0.189443646185812,-0.426970875915565,-1.39895893364144,-0.330273874942341,-0.150410953800125,-0.106625931876894,-0.306379052128215,-0.583496346749445,-0.240097731555844,0.0595769163394962,-0.328711932985683,-0.263062743931256,-0.287670469971697,-0.258291596347322,-0.490082308336416,0.0900988832192657,0.00939976330890657,-0.805962670158504,-0.737407448298036,-0.414561020150283,-0.369597827660865,-0.669341110855686,-0.838005175759969
"ACH001239","ACH001239",-0.284085862644634,0.324608665219953,-0.466862798944869,0.197204310268454,-0.0144409452700522,0.325836601722939,0.75696257357326,0.0900520947679647,-0.0565939292962331,-0.0529833642296095,0.069267255408253,-0.0558504028761535,-0.0292140270436042,-0.634926333371962,0.558439388616266,0.037346063049942,0.151716087389172,-0.0215290792738962,-0.134127297543658,-0.101615367773197,-0.0695428073259353,0.0956487822377709,0.231823185025865,-0.113192675907995,0.404527111064853,0.046902621411891,0.177167942325977,-0.176414644647918,-0.512675446560024,0.0336391514877215,0.0935434998840007,-0.0211067003814954,0.408969148429791,0.678146094662072,0.111808240037649,-0.0925857896640666,0.0320426597980797,0.0132593511086718,-0.219807463909777,0.0739316899454121,0.0374389718120214,-0.242442859644507,0.0347520681148312,0.289667326795876,-0.141318071711071,0.630963339669961,-0.0565985284461203,-0.116648573273481,0.368352796963511,-0.140930935102001,-0.0709859360164816,-0.0420190412553428,0.0260777574397537,0.103396206933175
"GSM2138481","GSM2138481",-0.188245755302853,-0.131757776943561,-0.525079037069814,0.203643130148764,0.208239839403835,0.735311597740717,0.014298794676561,-0.191741883046618,0.191037510678643,0.291049341358718,-0.400008571090287,-0.00182167098313282,0.194756520858659,0.211275476901185,-0.452476190926298,0.00703980932230891,-0.192275148579289,0.0130641737216303,-0.0639400746971724,-0.0538857792868535,0.0857892250704765,-0.24216682338555,-0.160300041398062,0.101513167055548,-0.275584149004618,0.348606721061431,-0.0920821564158699,0.183700695568062,0.466624501347133,-0.264844292591965,0.108521169884177,0.102922933972027,-0.115880488177384,-1.35591420465413,0.0839286727465176,0.15142847101894,0.311726072496162,0.10616740482765,-0.0121737816207472,0.0975204203142456,-0.294352330661816,-0.0688287965434008,0.0939513084945439,0.0241735430751726,-0.186141609156715,-0.278019155659262,0.062719530735292,-0.0724789348691007,-0.0608215434419561,-0.349110421277218,-0.474337001808852,0.345557418442314,-0.803659191560842,-0.0849646611694954
"GSM2138482","GSM2138482",-0.29012960227954,-0.188428091838456,-0.407153358820103,0.246031466579314,0.291732395287948,0.698203833501565,-0.244520997327226,0.104072020895849,0.328189681698438,0.82380312379599,0.347408680028854,0.295092823424126,0.40387552258837,0.429553313710217,-0.114555424019617,0.308128194267392,-0.101073249326784,0.169074780471596,0.116737008105317,0.178010350193943,0.283231351710978,0.0825051403619298,0.0932945685199045,0.150754551689949,0.129806434860392,0.519194242349394,-0.0365564660113677,0.290455551201192,0.414230402920933,0.255342259500284,0.309410567172866,0.255722284468907,-0.172466551893556,-1.046091438386,0.211059018760467,0.274274419043754,0.419203603517562,0.228760074899787,-0.360396840761529,0.172851039720761,0.276641940372402,-0.375460202834451,0.0653206821996229,-0.0068652082984318,0.367340689916997,-0.062120794470396,0.282709017368653,0.380632948385653,0.204893977561488,0.528054619158077,0.170495838962973,-0.0937363577137608,-0.489799296060755,0.0300087887193609
"GSM2138487","GSM2138487",0.331013269602864,0.0693282130275076,0.438590776303411,0.145618537186103,-0.316510502698805,-0.135571123809526,-0.593940667702817,-0.347515324959164,-0.354257948417291,-0.320126202898228,-1.06448384201731,-0.443733391481276,-0.290919130393999,-0.495084720618526,0.255796745962751,0.0959677463449448,0.0603388848866276,-0.207371300364091,-0.166985569058633,-0.10831750643246,-0.412142096127396,0.229201458497914,0.0194681257788034,-0.457560487213917,-0.346197704513034,-0.269681380748995,0.259302749363863,-0.404842313899505,-0.498173246260744,-0.311104065495853,0.227637720350568,-0.28227306361489,0.793166934711715,0.166606752221873,-0.14511521265347,-0.405219539456902,-0.284582676401181,-0.331688489532296,0.0562598027208768,-0.256043149320216,0.00304679435780187,-0.416670065081528,-0.156589118894714,-0.335405031772248,-0.0696623201113212,-0.0859651397677573,-0.0261872018573073,0.00528391405420564,-0.469391779341477,-0.323277755578198,-0.425257414230648,-0.349402899629462,0.143043311415217,0.245618804266011
"GSM2138488","GSM2138488",-0.210797793570289,-0.350571834930236,-1.22934395326043,-0.497045667068515,0.0448087092764043,0.098913463661128,0.463127026479633,-0.247338669710258,0.145600451256087,0.436554151134644,0.313625798136608,0.172031006097707,0.171885938296803,0.192907458093508,-1.00058987279593,-0.543095985069487,-0.283519371652009,-0.06817078878591,-0.079708571226783,-0.219489913757082,-0.117234089083293,-0.282727727928529,-0.24402897519811,0.167979380182639,-0.0176047732760498,0.100253290559824,-0.591036783587197,0.155937168471439,0.416970297485442,0.0997881143897554,0.00193535786393795,-0.00861360844379491,-0.235394975705447,-0.974072134866072,-0.157081353101458,0.0334169554600705,0.0164568021808591,-0.0571992985352588,-0.766363695246959,0.0184451535061308,-0.302762432523709,-0.629100573101105,-0.209176199384016,-0.246778477583703,-0.264415563501489,-0.408182329109077,-0.167147570043513,-0.14553755642747,-0.165689798134913,-0.220654960715614,-0.192372788205574,0.0214626356889184,-0.141017354786786,-0.499891814947439
"GSM2138489","GSM2138489",0.0014398399299722,-0.296531119682812,0.134951643545545,0.0521685474624235,0.0946114448019824,0.429824059202367,-0.308740479524886,-0.134659072246138,0.157718580829238,-0.309173123395946,0.448238897564243,0.0358161339729271,0.231885448626688,0.139932113428337,-0.38702140921267,-0.506236765529706,-0.115353476331586,-0.0300799522817626,-0.045290408906507,0.0915324518181543,-0.131885334115139,0.238768934925516,-0.0532259439473056,0.208682519698424,-0.585941755946194,0.439112107427112,0.0447353152480306,0.224687580392825,-0.0222710629224884,0.1271547362004,0.034244981671153,0.098273419035511,0.0423294387391838,-0.59046676567837,-0.0661253157914631,0.0213791745335674,-0.0460570256554406,-0.225001229794525,-0.659772659975115,0.183319279119116,0.387845285075399,-1.19993459334894,0.0328117398845142,-0.271111838340316,0.139408224852135,-0.287000521070481,0.0027358504088651,0.271994864026527,-0.2628899222768,-0.445916471118446,-0.500861857050108,-0.380448590828565,0.270559312427094,-0.12190415923829
"GSM2138491","GSM2138491",-0.0871353618320338,-0.253505728046256,0.320496996271364,-0.575593994716693,-0.0428764651397312,0.425129757229222,1.06010387286944,-0.0492591100205854,0.281171626647602,0.309694949418429,0.62856397904448,0.0837332555274109,0.363646036733459,0.146711014047917,-0.920430364336023,-0.319226866947077,-0.201757814818415,0.0238164568982417,0.120615650778688,-0.155312755374628,0.0143099435443113,-0.0574711803469106,-0.0408671223236728,0.155523470354583,0.292890836711984,1.10699024559927,-0.463350495164888,0.369274824748707,0.185493188224838,-0.144843651617044,-0.39214495470969,0.142375464672287,0.0781020866214405,-0.709001555891061,0.065884180991367,0.265542624408489,0.0375332094990204,-0.0433401966479061,-0.21895407254692,0.248129252975242,-0.19785824931328,-0.643234335788203,0.0344487447034401,0.214271615533837,-0.181528529708797,-0.378555862199053,0.0513968761903896,-0.107533260077721,-0.160562291169559,0.0718922985669338,-0.118630609261025,0.338408572893239,0.0944978719444915,0.335961519200747
"GSM2138494","GSM2138494",0.153045080935466,0.407116057311602,0.338556869096505,1.05677702344181,0.172071491483016,-0.503758398455238,-0.310842318071745,0.274795374710691,-0.107730302185105,-0.663653558374389,-0.711482867727289,0.025492429263108,-0.111646331473343,-0.0468401776894484,0.57540886800695,0.229501339368414,0.248884947840089,0.148988318881856,0.0921812906602271,0.130894988733944,0.152725476032392,0.176390691846781,0.325184219937193,-0.0968623550978372,0.287524523177517,-0.337275371898882,0.186267447217889,-0.0463760727377686,-0.622998029052865,0.0892317730818354,-0.0708340003345025,0.0445118329368451,0.267273344522988,0.383609310485917,0.268671065322499,-0.105654366874545,-0.0264108470477252,0.231941258415761,0.831813005303837,0.0209455611649753,0.157393198755354,0.524352449155937,0.307558700223599,0.307234755781539,0.0989284451688812,0.512211813680391,0.140477775537412,-0.151059133258113,0.0813209635592175,0.0508146036496899,0.244935143982606,0.0368111763261412,-0.0166688566470422,0.373227601257552
"GSM2138495","GSM2138495",-0.0415911582941359,-0.285006896020824,-0.116494672656202,-0.45721389521435,0.384013004507205,0.330282594106636,0.345663209247572,-0.160893525071555,0.41030537607773,0.105718805436041,0.222339825275844,0.78466970133534,0.446726412812276,0.286134832508437,-0.216450216456999,-0.172587126300068,-0.158533704070151,-0.0469243444575562,0.20301882394131,-0.0842763854166871,0.0617947801571046,-0.0771634898343947,0.00633672439402313,0.239067343406811,0.0244213275134178,0.349043779702518,-0.686123086708133,0.39144904355341,0.363498667213679,0.501294838834607,-0.323134696980836,0.173855096879205,-0.211004469165172,-0.565359198044008,-0.105768111768476,0.313169485267947,0.232418202898344,0.073803408076037,-0.570302240767145,0.228929476426744,0.0694548455369217,-0.269561969754881,-0.0805972209942069,0.149029742204315,-0.0438729586253503,-0.414552087651965,0.11747693182929,0.105757899342585,-0.406954729391019,0.21530913537603,-0.0264595190622978,0.310619272425881,-0.0669951086183682,-0.169889962205226
"GSM2138496","GSM2138496",-0.0671974386503009,-0.182432387784433,0.126795909480085,-0.0535436111549578,0.171415301964747,0.220142074862105,0.327867687752309,-0.088049406005596,0.27917889236443,0.024545940167889,0.673748837246587,0.221023512263589,0.301200025329381,-0.00688655778722612,-0.226071389564741,-0.311304158135036,-0.0555488290731679,-0.0142799028245236,0.162327937708697,-0.121812469045994,-0.0633818307838793,-0.249545633903134,0.0995589506040971,-0.00137495901686079,0.341748250523878,0.230601921943507,-0.465224256127637,0.130421620019616,0.803739731756722,0.371935473510606,-0.274585137087735,0.139282362561537,-0.144280648398975,-0.0693689100785703,-0.124393267294262,0.349197646636409,-0.0279175453329228,0.0536691316739143,-0.0612586879315662,0.166646149415073,-0.163386262656733,0.45330945559262,0.108483351789881,-0.121429849246217,-0.120297266005708,-0.232714062676887,-0.0883558753867481,-0.231886086323046,-0.348487188326528,0.436713994519311,0.252348531148334,0.312360834068428,0.487232168893926,-0.0228701754346907
"GSM2138499","GSM2138499",0.0597515586892795,0.249214915994534,0.191066164175116,0.34083057057547,0.560747820349039,0.00874037987006662,1.86024064881295,-0.0263937237364607,0.437217769764247,0.116685587893417,0.269869130661182,0.404469975279322,0.371697394980281,0.417108186943245,0.396368971700841,-0.430199267856546,-0.0297494305863407,0.125675678981819,0.0478178713938668,0.0591924660312845,0.0600189014297568,0.0639808983940137,0.0119384786231647,0.223271474781858,0.459904682768098,0.119636330738193,-0.115118400582526,0.386664813525255,0.254940244641105,0.553549540598409,0.1260645972719,0.273538063130367,-0.0179165048780649,0.065006339279635,0.12926370134235,0.274768044195467,0.310954051384209,0.30189139261161,-0.33056113954814,0.255189330618077,-0.0475715493067663,-0.236211601344027,0.190755290535362,0.11264066059487,-0.019317447454667,0.112788762736013,0.122764321419701,-0.140924633990701,0.396094816373287,0.054736690106308,0.0409206081858418,0.413737809335836,0.347838472524594,0.171586779083343
"GSM2138500","GSM2138500",0.381076810449804,-0.183915437679799,-0.541057414285808,-0.332199273799611,0.521529208959815,0.429342641868822,0.174108956159229,0.101051069624689,0.497192148276747,0.00859739836855662,0.567961459455224,0.400779983747595,0.509559897496282,0.522388309949461,0.304495298172845,-0.0729870487398037,0.00471263018446296,0.25584024296776,0.403745210556667,0.205397392974534,0.0941582838977305,0.0411600357545003,0.175065483255521,0.578082638715333,1.04108749148751,0.490665513527898,-0.161462506907058,0.501504673482947,0.754573305016341,0.282989119742683,-0.106805191710595,0.377630221199602,-0.0346904728759445,-0.274446360058551,0.105548759426492,0.375749903721586,0.273624673288485,0.152433952166842,0.0542324122042355,0.33784331715025,-0.133857254391804,0.192339005375902,0.285047326266278,-0.0215799935966721,-0.00861871482256429,0.358210953111847,0.10262415836748,0.259375570269413,0.251064744531,-0.235216147097553,-0.170063125030314,-0.0105943780860378,0.756959634075797,0.326917736672597
"GSM2138501","GSM2138501",0.114777304213286,0.128371933804134,0.757953911457239,-0.121130017021339,0.354208090417926,0.721101487709097,0.671250815240124,-0.0842576351350439,0.470780942757095,0.178166691392444,0.387445516651027,-0.0356794658736084,0.548510753915492,0.357958322676414,-0.436763385928492,-0.0864409674028536,-0.0142888474757446,0.151304496251673,0.367317779527938,0.0418397682299078,0.247882299848116,-0.0325830890381522,0.198764694311344,0.547177930448437,-0.050942438039691,1.06662702663272,-0.341692148106301,0.625156046630839,0.410349827063339,-0.0267153354286813,-0.108192731716981,0.332132852752145,0.0134093271033627,-0.458773521741508,0.132120617395475,0.337676457807936,0.265433716240744,-0.0221961075796012,0.132388632155407,0.255821422796484,-0.140514907141516,-0.624960998576687,0.20774177805245,0.0974406015877473,0.0107235293953757,-0.234646335294673,0.189299686515738,-0.0485971175714508,-0.122880071991158,-0.266469214312386,-0.234048607857358,0.268585594827372,-0.000130734239019492,0.509938803114866
"GSM2138502","GSM2138502",0.65634912569268,0.283305734073922,0.591121870061505,0.114432993939628,0.0449631006128366,-0.0411389653618174,-0.467812026596521,0.273010070001482,0.0742578930885552,-0.585009728551357,0.130225315040957,0.263645528827711,0.0983395310299366,0.0531793356492676,0.530204228333414,0.657819141833125,0.360526356030434,-0.00258625854071739,0.206824917704584,0.250827477258769,0.0241252560175034,0.210870875206337,0.406100957661391,0.00271789083132404,-0.179075674327801,0.189508600631419,0.237635573595408,-0.0727444652015294,-0.0516102725664672,-0.237122702365079,-0.0801443192589719,0.162753578097022,0.0264822419581087,0.750669318455241,0.227612844339398,0.155021175172499,-0.0308180230424452,0.110061432778164,1.06668696106021,0.20545076424195,-0.0905103267895503,0.748464241480048,0.512642351400097,0.470215016337352,0.209064508170985,0.233164342933425,0.0681849204743211,-0.302460791207813,-0.208818806861537,-0.0582521612005193,0.172263901776821,0.269651281549579,-0.172579236834552,0.754548734573621
"GSM2138503","GSM2138503",0.204820210772764,0.0894629145418644,0.44603493225575,0.225203027193612,0.0732115856127136,-0.0400006434893439,-0.502383596065128,0.161014652804421,-0.0345744984097254,-0.505268971176744,0.367623471202415,0.0618007380667363,-0.154854162659056,-0.0223998732693552,0.243732112429424,-0.29724645051479,0.168527807388429,-0.132965270738694,0.160722721046847,-0.0322468209177845,-0.0133110041693798,0.0453829057822581,0.315688731671357,0.0354931400152725,0.612476555010737,0.05833912611618,-0.21335526522688,-0.144830356679704,0.393487192959319,0.0371883253960333,-0.342303895009105,0.000756423043849182,0.0097086273382914,-0.276818088793347,0.0757832949412684,0.00230395363056894,-0.088290971640059,0.068126265410456,0.210118356737026,0.0859496264060898,-0.0495379379356557,1.16432623138451,0.204160068250213,0.151415342482576,0.119731248875386,-0.193323180992528,-0.0996646143767573,-0.141555268426992,-0.506949303658846,0.124671645320189,-0.217079338126363,0.494294347654499,0.0662312316145044,0.626187434778265
"GSM2138504","GSM2138504",0.203701653976905,0.423776970451814,0.222635541243028,-0.0835523311948218,0.463986437285591,0.577496017289284,-0.278956265457161,0.270940632051815,0.395206873129353,0.216350741688209,0.32908115932843,0.0520254663157123,0.317069963820834,0.471633191517359,0.614176385611346,-0.498324406700448,0.0550117223314032,0.215862073257216,0.222715657042667,0.276985115795768,-0.134340726330829,0.153967192752373,0.0168638680313064,0.479505187817862,-0.654854886845204,0.560915810943199,0.560422094015341,0.37539957560266,0.310186519120272,-0.23616432991184,0.210857090546119,0.316226270753407,-0.21447834549303,0.690227270991969,0.367769524267992,0.280209690143289,0.378186628390268,0.380667283062615,0.27296054547798,0.335174868210215,0.0418020857286073,1.04526428675777,0.433047673672261,0.187987651622825,-0.0789688302086555,0.676146692108114,-0.0536705297373893,-0.0158769120993292,0.603316348351018,0.129529511298293,-0.0671670041280822,0.503779900049266,0.958035900044961,-0.466453546325366
"GSM2138505","GSM2138505",0.147423953797283,0.187509188229108,-0.330210861839803,-0.376567422462117,-0.223594009755914,-0.123185700806375,-0.171208209213132,0.160252838189774,-0.265199807717215,-0.997304321559203,-0.506474466699741,0.0492216009423105,-0.211786950343204,-0.339727937573497,0.237697007093186,-0.303930020961874,0.0695921715581698,0.0748118601892088,-0.0364226307926626,-0.0751912152166254,0.166325917483952,0.0696525828503691,0.132247607519719,-0.47980017129583,0.321642862668708,-0.564578937765668,-0.0690603707530118,-0.163150276699975,-0.336126521718468,-0.115215328194401,-0.189434301385636,-0.175248115072497,0.123510079693607,-0.0214329139252477,-0.0439750018902312,-0.227524540960636,-0.235735338782945,-0.110362282709719,0.710095944537193,-0.0704282140499598,-0.0219346759580318,0.551564536421809,-0.222400687493042,-0.0362098010460932,0.186573960696263,-0.0399147032066025,0.123431471817301,-0.179327175859528,0.0552871505949851,0.109586632565324,0.622125078005416,-0.0395100157338174,0.350823849413009,0.798570859368965
"GSM2138506","GSM2138506",0.0301581900776503,0.385156695769826,-0.0690868916148653,0.848988526193994,-0.274590875572866,-0.465567196026668,2.05000375841499,0.22008499156418,-0.366272478237078,-0.831062135681114,-0.733629895150971,-0.69587106054383,-0.420791763907723,-0.20050888450995,0.784663160384078,-0.100219050096665,0.165415597017904,0.131023078958003,0.0899888727843638,0.227533670885381,-0.0864450945939434,-0.0457052439315052,-0.020014995563765,-0.238523424817695,0.468526133455961,-0.392297053624011,0.36699895673571,-0.290249172524909,-0.464758622641032,-0.617789055890865,0.336786516238963,-0.20202296883143,0.667418166208182,0.036192983825142,0.019491499131075,-0.310580473822459,-0.233732269359769,0.0870017786252999,-0.0947319606389529,-0.14151726595766,0.0849782891931322,0.0461849932588208,-0.0650993964330646,-0.116591621737635,0.054898675041014,0.387799955778679,-0.120084426131603,-0.0260773227310472,0.399056982781052,-0.0893218665546019,-0.156735711993075,0.0262983688390156,-0.0676847012243179,-0.278828680077483
"GSM2138507","GSM2138507",-0.187154209761451,0.0442174422948151,-0.509062759768666,-0.273074737016907,-0.21201260703328,-0.542133443412621,0.046621821351007,0.00865658171969436,-0.357324860280125,-0.672311476541289,-0.259255060539319,0.0818144844610734,-0.499295391389227,-0.163874694231687,0.442526734696413,0.0148640544436132,-0.0543697177778578,-0.114422732945691,-0.210714427369586,-0.00852425860174321,-0.205016942610043,0.0687378431936614,-0.0940243459122523,-0.362774403614216,-0.302880647771618,-0.556226808234045,0.26593812660712,-0.295897261571834,-0.244526465502275,0.355499072772851,0.115551435262072,-0.264994437337927,-0.0796585447707907,0.343420123480429,-0.0995176873761967,-0.381889393471677,-0.231082641339197,-0.0079586217914287,-0.123829092827491,-0.196690448675031,0.287831408769494,0.160159229807675,-0.20156501026488,-0.156238708426696,0.0646053929783402,0.137813554136806,-0.200365292166184,0.170079132918192,-0.105778593079581,0.227686394001811,0.124947492499019,-0.159927755266652,0.00760496371265951,-0.225279127276858
"GSM2138508","GSM2138508",0.136960238681367,0.00918980818828649,-0.249418925427711,0.292074540806848,0.00265736608106783,-0.173003046733575,-0.14996702652027,0.104126291369682,-0.175037185261079,-0.216051654597124,-0.260189688041762,0.0412740320030304,-0.287181682985676,-0.0145790761337424,0.00638820054101981,0.551473777654386,0.135090411180112,-0.0747926462909929,-0.185471939259353,0.0271523665190399,-0.0456102098960824,0.249628347893107,0.0457911925719418,-0.0925352716338539,-0.260712021709644,-0.449186167656011,0.228230928217159,-0.22202484853209,-0.327115384725831,-0.0640539058464524,0.172891078523558,-0.129143275039747,0.458717480099971,0.407258083550984,-0.0447303345287291,-0.194209156605715,-0.075124010141232,-0.0997477106374116,0.520862082063864,-0.117578034780547,0.228152581324543,0.442936921391531,0.105814776259019,0.130080648590135,0.182931665897568,0.068489208612659,-0.0625543228301049,0.284241331604557,-0.130137396356168,0.278661548263403,0.607090820745499,0.144652142924948,0.535785238571198,-0.426039558920284
"GSM2138509","GSM2138509",-0.0889153337961321,0.0539963424983328,-0.234843382111948,-0.420346903258281,-0.253328091836463,-0.359315855985887,-0.121967057966146,0.0510822752233123,-0.306125693622443,-0.481598170427124,-0.380883492104993,-0.10116443687841,-0.294181739992351,-0.294429994292099,0.32024891139594,-0.811181940910422,-0.109216703222771,-0.0450259933796753,-0.036931371632572,-0.071449647845686,-0.193322801542692,-0.181491038073531,-0.0206685691214111,-0.176117621605096,-0.525051231586949,-0.587750916366923,0.411731331437016,-0.274760250077735,-0.157243083586003,0.080720669927376,0.137019998355506,-0.198188340115261,0.0294699902336659,0.841837118345001,-0.039607193550213,-0.332188721941151,-0.271943586069069,-0.182563149344563,0.0136497572997562,-0.154503000432569,0.00272310015134318,0.465528194671695,-0.192268564583572,-0.226766728332815,-0.0186762681030699,0.137266113468019,-0.118550176090917,-0.126220349666376,0.302174444912101,-0.137340459792067,0.106387885662167,-0.331036473367394,0.207607978816514,0.0274609887555402
"GSM2138513","GSM2138513",0.126797629456747,-0.011690302453942,-0.464085203157506,0.398277771850324,-0.129895248736222,-0.299504553951865,0.10141312357348,0.0282542583215799,-0.135895979397111,-0.129583516872351,-0.306590178037689,0.14008449817388,-0.125165671303864,-0.306935435887176,0.182914630010233,0.544484065418263,0.0114380488410693,0.0257092040680351,0.0210259194897809,-0.00032925072543159,-0.00334558569141328,0.0733373467755468,0.0685244564580952,-0.199175187260839,0.385005047168967,-0.289829195240597,0.0782247116948429,-0.209576356079953,0.0325046692538569,0.322271402225032,-0.319314209689355,-0.061010239430386,0.0826892788236997,0.331534682093546,-0.00747370668924571,-0.176029554133681,-0.0460524566343396,0.0616772592063686,0.885412288698219,-0.0436949633427492,0.171554897000386,0.605751545862522,-0.0652358873713795,0.407697590227588,-0.0838885235759788,-0.0461065002451699,0.17227204039635,-0.0462611942175964,-0.273681525422496,0.0762410816977086,-0.178537683668515,-0.0364245483169625,-0.0544818300036108,0.762256451332022
"GSM2138514","GSM2138514",0.00242370968974395,-0.084017219767177,-0.637290928365672,-0.582669686829721,-0.0572342106423621,0.115183784474448,1.3841833266143,-0.194714128423384,0.163078096219069,0.569845095381079,-0.207450851824991,0.0740070378636799,0.216592608833019,0.036145936553795,-1.20858956358674,-1.09627879737284,0.0265216980979824,0.307072002508954,0.00281516183352593,-0.0850022795523708,0.269657973363829,0.20948425924879,-0.140501830286558,0.177933775010657,-0.260033710571571,0.060540223143165,-0.664981003146054,0.295859647604659,0.604754578075582,0.119653850496194,-0.298319236452633,0.00032266019146703,-0.127998580706509,-0.429008014362728,-0.182575789370534,0.0309701997521025,0.0100495846518495,-0.137405632711093,-0.103601306264685,0.0439584469148685,-0.22223857028635,-0.798337096376411,-0.218943610918397,0.0341339939320084,0.152273550744797,-0.334581424213876,0.357459660881281,0.0878949986202855,-0.00778795445639068,0.0790419725853699,0.25371481903907,0.0144429761420744,-0.202850008848676,-0.189040943920099
"GSM2138515","GSM2138515",-0.0831706570212658,0.334004051047182,0.0377420697246202,0.330187202696666,-0.153287966605339,-0.419720599102786,-0.472574353563943,0.164665587098461,-0.250286876826636,-0.331253606294782,-0.260037941780048,0.0558034531113295,-0.327313094841659,-0.189351335918485,0.248502542099989,0.68310145137215,0.361768760155205,-0.0241376963271464,-0.107715748113197,0.113540879971013,-0.0388563601852508,0.0760896909332214,-0.0710573631078813,-0.295180171010647,-0.358567288231839,-0.359829540668641,0.542022030967326,-0.270955200902787,-0.536893748826087,0.0715953286939309,0.40664765907502,-0.0964708520112982,0.5128773727588,0.903713722714674,0.16235383428435,-0.129912100783173,-0.000892618928061797,0.16909625963444,0.604649546686774,-0.119850248900138,0.0896757187807707,0.542324344012327,0.0987787997816781,0.132355071480454,0.0854797170494408,0.402739454416906,-0.0382565664279452,0.070527916974534,0.574664913780868,0.402646001993764,0.42730516088335,0.0867398093624405,-0.116467066388082,-0.478220902743126
"GSM2138516","GSM2138516",-0.482842700315689,-0.369008127966021,-0.313123833410371,-0.412869626077926,0.12113951080888,0.0468818952990957,0.679369257228534,-0.0541854258009075,0.276214387222908,1.30410649393136,0.362914859429636,0.415451033337159,0.285638113618994,0.223759517809029,-0.330685663266901,0.470692432602832,-0.0839390247972529,-0.013920700678061,-0.183619666002521,-0.145387378833452,0.00894245811574344,-0.289832247281873,-0.263030371801672,0.0893249677165816,-0.116148480355391,0.256804738299322,-0.257238446605607,0.297377052364506,0.0857224964035564,0.35145666198288,0.0879620835093829,0.089079452994088,-0.0924291192658601,0.27991188296065,-0.15488181961512,0.203471450686897,0.214524400501837,-0.021601213452404,-0.811925454546295,0.0178203546087541,-0.305154967927412,-0.958149898713432,-0.111836361213981,-0.132823066179442,-0.16716958563416,0.0336234537678412,-0.0586104107838437,-0.0983892098318623,0.397327575809305,0.0324141285901332,-0.0711339694684542,0.229653937707008,0.209244826781845,-0.462062750935436
"GSM2138520","GSM2138520",-0.139640497516849,0.253345483825467,0.289149720928037,0.15606108228328,-0.161363462851303,-0.570898270036688,0.0300464506610205,0.303795396271359,-0.323837422159832,-1.06959341206874,-0.135851971071358,-0.835583701691047,-0.269796318336192,-0.283519134564176,0.730853089683138,0.910899301313476,0.175684230366063,-0.0357438876740765,-0.140025240072526,0.152828091803455,0.082287426358297,0.105042039894585,-0.0362565645769493,-0.365108010592232,-0.331780198611862,-0.47976325413724,0.510104308706389,-0.324986379605526,-0.192772531226794,-0.51785014296347,0.32530127934828,-0.16260368008383,0.0176061008340952,0.310270445997711,0.16140215807697,-0.143430510154793,-0.0845160485678109,0.0950888385751076,0.0299868449469473,-0.308319856984239,0.296240606216123,0.264737376051794,-0.0189399478212608,-0.20158136168128,0.142613648807835,0.408778545750501,0.0918075065803908,0.208083804682303,0.380822237699947,0.356878751018172,0.0497246909329834,0.0575920899150895,0.156801441825713,-0.280677976480847
"GSM2138521","GSM2138521",-0.389991167246282,-0.1647712767784,-0.242609173896884,-0.337760570417075,-0.0836569955999014,-0.00692865262110756,0.467644534462606,-0.267366961517006,-0.116616646554662,-0.0604337210331405,-0.196048426767683,-0.317025314343147,-0.12672930892111,-0.290062151541752,-0.0274763101744748,-0.0930273565211671,-0.143213545635631,-0.107374849393294,-0.199543944998429,-0.193649100164976,-0.125435799901914,-0.17916145644083,-0.225889121083459,0.0454986169474106,-0.786288779312389,-0.272903447345046,-0.0786662815126072,-0.101086342937709,-0.118531051274384,-0.239924637219239,-0.0785995988796253,-0.152993382699905,-0.0371455320945344,0.503498909612494,-0.193016322773951,-0.0383409119381889,-0.0367484433328317,-0.195506404245687,-0.0638943711036061,-0.280314573455096,0.0247797691213209,-0.0933739731781332,0.0153717947427647,-0.0702317046530371,-0.297920802794537,-0.0600460273723088,-0.0615141406152305,-0.0101993404776603,-0.26606412413412,-0.215708796194654,-0.241841840931757,-0.0330572912249129,-0.313963903765752,-0.554508261434391
"GSM2138524","GSM2138524",0.176653461290823,-0.118563274716517,0.405979667963666,-0.110530709231035,-0.0778266785021316,0.28274355335486,0.273219439403482,-0.0205225892096376,0.182997566314671,0.0762503759956832,0.0475057328984973,0.139925556388746,0.384802941974048,0.0199210456800361,-0.776720660911594,0.634488200637363,-0.033940543808927,0.112486434125528,0.168257006626954,-0.0364032313738875,0.372381451260852,0.201449473171253,0.133527717818578,0.0621450052204801,-0.028288059495588,0.158137781862574,0.0318289534690515,0.281670877287125,-0.104305933651297,0.193113932300303,-0.112723156872563,0.113452388014255,-0.38190233053441,-0.173662081815186,-0.121052801592058,0.109372773213216,0.0216978958881543,-0.405478432364418,-0.233178879769531,0.102098541453065,0.0137592348126685,-0.219957183744678,-0.0464023252672956,0.145731354352231,0.0789900310657673,-0.30072574539719,0.226023211626641,0.187721515128221,-0.00423071942471927,-0.401253293299215,-0.154759008291355,-0.47515157358481,-0.687308370892246,0.557989500540187
"GSM2138525","GSM2138525",0.0658038651636021,-0.157248140123871,-0.130547036983523,-0.0837880195971966,0.168163225854425,0.141222578461476,0.418352913030554,-0.13140118900999,0.224718947945411,0.900615624298281,0.50459730949348,-0.228702633215285,0.304484091751687,0.171661273748129,-0.323636017737644,0.175015013366055,-0.120936742435662,-0.01970561890622,0.19269117518476,0.0469358117950281,-0.0435616382638279,-0.154947785737355,-0.0075303358632264,0.0394479340937294,-0.171228552463387,0.0408251106773471,-0.0311054272823348,0.155755016362925,0.109952828217467,-0.143726919434057,-0.12744540687779,0.111387907853433,-0.588714620663109,-0.011955024585681,-0.16957500928292,0.267983506900845,0.113231453564521,0.0636225262258434,-0.382804278203827,-0.00478595834507314,-0.28003249969863,-0.371109168233795,-0.0865000352156856,-0.138978091646095,-0.176371252357543,-0.172149482977989,-0.15019771011501,-0.0806929682491757,0.0350671163207002,-0.223848726002732,-0.0233816605869619,-0.134396989235569,-0.0455328923472759,-0.275276522172943
"GSM2138526","GSM2138526",-0.164336251482708,-0.0445854646134414,0.758084971457281,0.252291766935274,-0.017026267771514,0.269174283031999,0.35201442720429,-0.0996307223235771,0.10881870475141,0.888990990624859,0.216069612534687,-0.318263673331272,0.181919291023998,0.0624120527570327,-0.150372447931936,0.32186370799395,0.0117673078615599,-0.00897519214266833,0.0864099716932209,0.0108251839851007,-0.0187121573555444,-0.182052364309124,-0.0906821561624585,0.166546605924691,-0.144045159069365,0.0181187875330525,0.22742705027548,0.157480419144288,0.363769092282429,-0.301663042023564,0.0812018017890262,0.0632874146422339,-0.755644100252149,0.379237604778187,-0.102851867363797,0.108352134463549,-0.0108483216215251,-0.128762551073618,-0.48632612508994,-0.0732706318526961,-0.189032886221622,-0.199194305425609,-0.228252263019119,-0.248430869238852,-0.190303415331949,-0.0525317205438555,-0.182473032202586,-0.104829534921729,0.0866699722124206,-0.390489814684221,-0.124372305034433,-0.497589088379223,0.0798114344388577,-0.498222729643834
"GSM2138528","GSM2138528",-0.211162272007626,-0.1306277643655,0.736578402966147,0.13718715003504,-0.602981821546974,-0.477603357293396,-0.471681987915229,-0.144160729257009,-0.412763501035455,0.290903669965381,-0.649876748871206,-1.00950814954218,-0.374872796471027,-0.165582979045648,0.289862726197081,0.052263644756728,-0.0339102375408928,-0.0833478055483337,-0.0305761893598302,0.0535756751509522,-0.227151935986346,-0.0846113727885146,-0.173882706469736,-0.202375061233985,0.129470039920696,-0.307395426456653,0.235754187147583,-0.304084399152507,-0.432093830571202,-0.719777713886587,0.204517673954889,-0.254645857543259,0.0818719388011274,-0.000569093256192995,-0.107044534411219,-0.275597706763226,-0.285148279692124,-0.150801606543134,0.0254682536935564,-0.325933680605181,0.254624760935657,0.126548608582084,-0.16848945738502,-0.324260040542105,-0.0119832380467206,0.0989425057049511,-0.146832004918531,0.551539757470091,-0.302780679511986,-0.0432975494830928,0.122888621791108,-0.467080198248251,-0.568121509611389,-0.649795732874695
