"","sample","GPCR signaling (GO_0007186)","serotonin GPCR signaling (GO_0098664)","GPCR signaling, coupled to cyclic nucleotide second messenger (GO_0007187)","neuropeptide signaling (GO_0007218)","adenosine GPCR signaling (GO_0001973)","AC-inhibiting GPCR signaling (GO_0007193)","PLC-activating GPCR signaling (GO_0007200)","AC-activating GPCR signaling (GO_0007189)","amylin GPCR signaling (GO_0097647)","AC-modulating GPCR signaling (GO_0007188)","AC-inhibiting serotonin GPCR signaling (GO_0007198)","angiotensin-activated signaling (GO_0038166)","regulation of GPCR signaling (GO_0008277)","AC-activating dopamine GPCR signaling (GO_0007191)","somatostatin signaling (GO_0038170)","sphingosine-1-phosphate GPCR signaling (GO_0003376)","thrombin-activated GPCR signaling (GO_0070493)","neg. reg. of GPCR signaling (GO_0045744)","leukotriene signaling (GO_0061737)","PKC-activating GPCR signaling (GO_0007205)","pos. reg. of GPCR signaling (GO_0045745)","tachykinin GPCR signaling (GO_0007217)","AC-inhibiting acetylcholine GPCR signaling (GO_0007197)","adrenergic GPCR signaling (GO_0071875)","AC-activating adrenergic GPCR signaling (GO_0071880)","NA (GO_0051482)","regulation of rhodopsin mediated signaling (GO_0022400)","acetylcholine GPCR signaling (GO_0007213)","AC-inhibiting glutamate GPCR signaling (GO_0007196)","glutamate GPCR signaling (GO_0007216)","PLC-activating dopamine GPCR signaling (GO_0060158)","endothelin GPCR signaling (GO_0086100)","AC-inhibiting dopamine GPCR signaling (GO_0007195)","neg. reg. of AC-activating GPCR signaling (GO_0106072)","opioid GPCR signaling (GO_0038003)","pos. reg. of mitotic nuclear division (GO_0045840)","pos. reg. of mitotic cell cycle spindle assembly checkpoint (GO_0090267)","pos. reg. of spindle assembly (GO_1905832)","pos. reg. of mitotic metaphase/anaphase transition (GO_0045842)","pos. reg. of maintenance of mitotic sister chromatid cohesion (GO_0034184)","pos. reg. of G1/S transition of mitotic cell cycle (GO_1900087)","pos. reg. of cytokinesis (GO_0032467)","pos. reg. of G0 to G1 transition (GO_0070318)","pos. reg. of G2/M transition of mitotic cell cycle (GO_0010971)","pos. reg. of meiotic nuclear division (GO_0045836)","pos. reg. of nuclear cell cycle DNA replication (GO_0010571)","pos. reg. of cell cycle G1/S phase transition (GO_1902808)","mitotic G2/M transition checkpoint (GO_0044818)","neg. reg. of meiotic nuclear division (GO_0045835)","neg. reg. of centrosome duplication (GO_0010826)","mitotic spindle assembly checkpoint signaling (GO_0007094)","neg. reg. of mitotic nuclear division (GO_0045839)","mitotic intra-S DNA damage checkpoint signaling (GO_0031573)","neg. reg. of G0 to G1 transition (GO_0070317)","DNA damage checkpoint signaling (GO_0000077)","neg. reg. of G1/S transition of mitotic cell cycle (GO_2000134)","regulation of DNA damage checkpoint (GO_2000001)","mitotic G2 DNA damage checkpoint signaling (GO_0007095)","neg. reg. of G2/M transition of mitotic cell cycle (GO_0010972)","DNA damage response, signal transduction by p53 class mediator resulting in cell cycle arrest (GO_0006977)","mitotic DNA replication checkpoint signaling (GO_0033314)","DNA replication checkpoint signaling (GO_0000076)","neg. reg. of cytokinesis (GO_0032466)","neg. reg. of cell cycle G1/S phase transition (GO_1902807)","mitotic G1 DNA damage checkpoint signaling (GO_0031571)","mitotic cell cycle checkpoint signaling (GO_0007093)","neg. reg. of centriole replication (GO_0046600)","regulation of mitotic cell cycle spindle assembly checkpoint (GO_0090266)"
"ACH000008","ACH000008",0.0940090166654412,-0.179402425139898,-0.133192816144493,-0.133272572086843,-0.186284828288696,-0.17292222396523,0.00139032077445109,0.00293732043480347,0.217308905332273,-0.131140150381406,-0.287876764814598,-0.0637206124023306,-0.147438507054932,-0.401804918733623,0.251237130442437,0.253347165392263,-0.0258979607153219,-0.0818262143295345,-0.263451588612709,-0.0378289738902439,0.5249712466874,-0.0345379899176468,-0.475065300503772,-0.51865325792322,0.0347204251043229,-0.0598904007195959,-0.224676724169255,-0.315027673656609,-0.0433132049536145,-0.0815605216628038,0.367247991718458,0.00808974550452628,0.389441890461403,-0.419939059982164,-0.48224173441208,0.237038851583728,0.0549123856434174,0.0885957776522743,0.0632056228082382,-0.484986577905589,0.47359422311758,-0.0514232374846742,0.0623586112877122,-0.453591755551181,-0.125840322557612,0.140577700052989,0.309348481894752,-0.124159549293459,0.28207623707827,0.0132148964980649,-0.0315808203194105,-0.375130251261247,-0.151410280888824,-0.185875887940831,0.0565469167726437,0.00227364949524406,-0.327896382430592,-0.0598347097733679,-0.402858673117644,0.0873498771364767,0.0581292631117784,0.181745118566136,0.135208437012903,0.2743007987869,-0.239907494682058,0.354723996916957,-0.191121971899641,-0.446548147075414
"ACH000014","ACH000014",0.260319212547759,0.0936204031327232,0.0537704973067334,0.163119479339413,0.221127959189319,0.144331864214707,0.209165440296328,0.139372002663461,0.508974286441807,0.0292482681588704,0.0159633142825481,-0.163811199306788,0.106448525199075,-0.107006227454752,0.246524927363335,0.283907400566792,-0.086713823121147,-0.0301245283467086,-0.0272556372234094,0.296940400782506,0.632632429510257,0.3485028515201,-0.227957401348015,-0.181517925446577,0.284926085796405,0.108870216926795,0.244937402685165,-0.0775004048746288,0.442285436643041,0.23568867616203,0.388572440959564,0.395586379213036,0.542639802569117,-0.097867758340062,-0.359568167972438,-0.035554922249105,-0.576966693274434,-0.417694611920967,-0.384259931992142,-0.970331269075756,0.240066170119512,-0.358303064503053,-0.00283675123513738,-0.786855398093418,0.0937254426759345,-0.451501385631732,0.0299355523010435,-0.103384703724689,-0.496446213892984,-0.464830931158248,-0.778392126560479,-0.304684547543163,-0.289071788306639,0.134404450425043,-0.290854196964421,0.0271541242537263,-0.59829596055618,-0.208498369895585,-0.389657288810494,0.448389989839436,-0.696580273180297,-0.636699096027109,-0.339075746271874,0.344324251435874,-0.275756698408993,-0.535663121393332,-0.394479702072727,-0.695206856806829
"ACH000219","ACH000219",-0.0754443941319995,-0.0606791784917626,-0.020698653994857,-0.0748759207103439,0.312570322398651,-0.0413348371200242,-0.0999140990815601,-0.0291939398055682,-0.30121483135235,-0.0229115792367888,-0.221848255650594,-0.265670611215393,-0.109063446856697,-0.273518132446266,0.621654940527682,0.38598569806805,0.0480295762078113,-0.101331692864324,-0.285876786717517,-0.215656011512928,-0.259604085237874,0.465769690963451,-0.199229989813756,-0.102923046848629,-0.100477474819247,-0.0664857699967259,0.535134998753344,-0.0191714624159606,-0.149085486686518,0.0734138740335235,-0.020540430009209,-0.136368720866408,0.035113328153393,-0.806414777127426,-0.111448806020191,-0.0703618120132551,0.812403069686058,-0.125828259050375,0.19716169215706,0.847155701363064,0.0181061723693245,0.195727051074075,0.615565119378041,0.248410197479345,-0.411963151473215,0.144465636877623,0.535212119039513,0.159521280402152,0.0868267965641964,0.8245408608864,0.513703845917535,0.353266277090827,0.0113113051614005,0.315158714757169,0.194039905276413,-0.276760556416233,0.64716741162153,0.513620615643489,-0.312606802699734,-0.0709756029457692,0.665085508310891,0.53584884132733,0.719940261255508,1.05065933374237,0.499547748787674,0.283923321645214,0.0335292306838867,0.444469598651363
"ACH000304","ACH000304",0.129006931938378,0.523400571898663,0.385796106201247,-0.0439532776912915,0.262397447910777,0.364148579693154,0.0237609606470758,0.187881560253698,0.748844238026793,0.429881536265952,-0.108230858122235,-0.33441334046821,0.0759095679759605,-0.622421661064058,-0.310851946270073,0.289256398951401,0.286465439368855,0.00253753085640647,0.087114505661439,0.093294993562343,-0.384074500300485,-0.0476831093603798,0.459430902953604,0.298810297347484,0.417096207031775,0.132464302162205,-0.152471640611711,-0.0179095222221053,-0.269357059251699,-0.128799360027858,-0.0415855773734508,0.279889726125772,-0.00771417835765527,-0.145654054884444,-0.0536323501644801,0.045468964200797,-0.0151424579838593,0.374313618880614,-0.286683058586192,0.440016226339305,0.124989196808685,-0.23151814171732,0.405171327229002,-0.364863057079539,-0.080721829778817,-0.330840101122364,-0.041515751514694,-0.0927875157980987,0.631786839129399,-0.658718245664773,-0.334882928672921,-0.568369020430151,0.0694704447961044,-0.163841721204676,-0.0562605650292534,0.228735209135036,-0.325413958860794,-0.0567670682287147,0.0294525927771674,0.143168030188463,0.00740262520174728,-0.658231481189517,-0.0294663295266749,-0.272048765614553,-0.0836653860549176,-0.167192798449938,0.0677761229263027,-0.275843666415062
"ACH000322","ACH000322",-0.0203377946141291,0.165922253377063,0.0678604140704156,-0.00893745982107459,-0.0518406808164304,0.115517891715911,-0.0262953806058457,0.112110922454863,0.357864118461582,-0.0765358396231552,0.241394311798557,-0.813302351638539,-0.123132176552457,-0.313638156922551,0.160674341426912,0.396063026499587,0.0973769103511998,0.213988730988665,-0.066686502807472,-0.197555894535601,-0.419576677217712,0.543380006939657,0.118852964342552,-0.0744429641481636,0.2853212197062,-0.0457921347870251,-0.549011215867827,0.0880118742590797,-0.230191831381357,-0.101607921020646,-0.375076833386853,-0.144910592892185,0.204674858195545,-0.224332945749124,0.0572628879535805,0.0682066397823153,0.482947451764171,-0.379969617895233,-0.0814907027082176,0.22501643103221,0.154147082793631,0.0827539625335452,0.567747454710966,-0.080991203767158,0.300730628880991,-0.118992754825214,0.15021247296959,-0.189942421105837,-0.0107537796006135,0.785018555153673,0.081477054192194,0.054638266356499,0.0169190324748603,-0.5596027824304,0.0789755188213021,0.0434566595318509,0.217356932785892,-0.029124199006412,-0.283886998544729,0.189759182346579,0.345842331424541,0.214222166427382,-0.067476339173463,0.179360095735215,0.112295730194954,0.150605658546247,0.288797510131234,0.428749477969227
"ACH000348","ACH000348",0.233542029078106,0.310185510503402,0.411264208983166,-0.0657749297103689,0.124930659248139,0.394938878404559,0.602936101953552,0.168818041430551,0.263962280384438,0.409867573879692,1.75817962580675,0.0203464037029343,-0.128302632332897,-0.285139748320303,-0.00989682491121395,0.071140242364998,0.525550424729015,0.167999481561264,0.0466803132221328,0.523122360800241,-0.236770057551395,-0.244877807074472,-0.0525211423545133,-0.01247464840309,0.0392386605302998,0.763317996717543,0.710186954337941,0.066395375072667,-0.655892760575963,-0.364030600638085,1.37243219797911,0.283930209141065,0.472861650360363,0.213503929586132,-0.745408281310529,0.0920414133544882,-0.482924137052035,0.378081421336901,-0.590211607499981,-0.274292402252383,-0.329832232062777,0.0167336049870622,-0.235340092805947,-0.455011164866621,0.142516879106405,-0.464667255877469,-0.371173717949125,-0.200144373703187,-0.0517141846768862,-1.45697580600553,-0.501161886370467,0.268730669049572,0.0447260319651818,0.300486065002064,-0.329434986354312,0.351339018894271,-0.196037607403762,-0.331663079153591,0.34245757068912,-0.483636380410282,-0.922409834725292,-1.22107272630809,-0.443786900227162,-0.356047402518249,-0.366714745779402,-0.420296907310234,-1.09341113134094,-0.441183408582747
"ACH000401","ACH000401",0.0366570830792083,-0.120655379382069,-0.123264909309895,-0.0753862286084764,0.988459976485407,0.19970712522758,-0.0337005328316841,-0.0980458998052905,-0.741751176807649,-0.0016699915219931,-0.409383432465076,-0.231950515004968,-0.0124586170597463,0.61077674967524,0.137122511373121,0.425283554219186,0.106938101597992,-0.314127613062002,-0.127542478797089,-0.0160055444493096,-0.23954063317185,0.229693575565413,-0.420173878222945,0.0584545497569763,0.138569322580756,-0.0150962441087211,-0.0208370883077577,0.33503490693734,-0.0850513441665625,-0.0730700803132472,-0.305011082289078,-0.186459204365452,0.377031074592202,0.0399293723759918,-0.249709782007617,0.0322528341311164,0.56068328348151,0.086034715798044,0.106273286774505,-0.761131140723407,0.083788234400878,0.329274484324723,0.010719500056371,0.414364321113713,-0.259316924345349,0.0211405370538265,-0.197751277977269,-0.262994854214875,0.622611578626991,-0.0734644367932762,0.70012308870158,-0.172555131261867,-0.0742420911330297,-0.405788875806433,0.286157593331053,0.337462195849441,0.288266704971011,-0.110536167905518,0.304408599682957,-0.305390892041168,0.485068736168387,0.0752007625668522,0.463230507568387,-0.165388074429907,0.28351709783707,0.692380198368454,0.0176739941164597,0.371816180137637
"ACH000404","ACH000404",-0.133088184282441,-0.0676718827970372,-0.187750518669479,-0.0346735674989347,-0.145614423284515,-0.329012936187626,-0.0148465667831267,-0.184263444264581,-0.263361314723631,-0.169214206976742,-0.390468232032392,-0.00220572322315319,-0.0427718028503734,-0.0651031660188746,0.541601725934112,-0.246322332768154,-0.0838266664000251,-0.0303742861461003,-0.637789698562003,-0.0582114248323303,0.603144570558201,-0.253351477739981,-0.0908854555149729,-0.309907831747466,-0.0610615318569001,-0.162591658648027,-0.10160779705428,-0.207109793389839,-0.0193406923522869,-0.0319034766110094,0.301256366493268,-0.181428189449209,0.0708173950483517,-0.624995189540104,0.267391024206729,-0.227547981201287,-0.599490491489057,-0.492900203834591,-0.0709107201903144,-0.221967117772966,-0.332168761698662,-0.205131678647267,-0.732860398434578,-0.28067515508875,-0.150529062919923,-0.626513457817547,-0.0895558709422095,0.24542661482921,-0.284043703476909,0.325310625923737,0.0121191586604225,0.0435874033973901,-0.123979181595529,0.025990507060636,-0.142637499270258,-0.194860957856721,-0.195014995425259,-0.275378476211473,-0.37091114534461,-0.0549264413299188,0.148575562563126,-0.281856224335751,-0.0507306720905953,0.0164238252039563,0.0837062799688931,-0.0980538850092186,0.152989682484503,0.018875579126876
"ACH000423","ACH000423",-0.197079357154301,0.279509685342409,-0.0202860824863136,0.115587741535735,-0.6171328802956,-0.00899998311156343,-0.355844264430381,-0.222045644633344,-0.423565100851528,0.236087279026065,-0.334741796247794,-0.0362358946730017,-0.00769196213417719,0.37873018806906,0.874501698925829,-0.326787214336456,-0.527890949442825,0.337621589031359,-0.305610021880696,-0.182409236106345,0.567419658504173,-0.419870687816541,0.77763721952561,0.134917599379278,-0.0171042363122924,-0.192294414186549,-0.120438488031512,0.198001220171055,0.630948768202249,0.627886964798938,0.118134419949141,-0.428402016794417,-0.853871206246951,0.660443749260016,0.600330937091777,-0.331606906410742,0.173474389233798,-0.082052707911175,-0.191643342143311,0.193530496795205,0.170610386718875,-0.0745666139367347,-0.656554895712937,0.183348085289771,0.296416337798388,-0.362920870434977,0.257386997455344,0.359288118734186,-1.66672527600733,0.631674310912238,0.192787011589283,0.134306568880314,0.225361313035566,0.207931366943753,0.505146318774226,-0.146808881317961,0.272654698826347,0.158446769544855,0.115227826454377,0.0491681667431802,0.796691657456924,0.368166456045482,0.598391399879424,-0.0114363897440985,0.00224732033199509,0.36165084881921,0.611467634602054,-0.162625625483192
"ACH000425","ACH000425",-0.0845669348749007,0.202603832829428,-0.0118380657358424,-0.147871030121681,0.266753130973042,-0.297351461139354,-0.133395999607598,-0.0215882082927582,-0.670781533347993,-0.292365789188818,-0.0243008541715256,-0.129597552060453,-0.171980417409422,-0.0259211685756711,-0.151478234226571,0.0975002845555976,0.567196735936752,0.0676594235848661,0.701709213002454,-0.31510685955187,0.107772655009405,-0.605601515648637,0.138332412914817,-0.583122575948351,-0.484668397091406,0.117750876744245,-0.440666054834098,-0.092358303795307,-0.00721490852353717,-0.00379568988551059,-0.108731826561222,-0.539417266231668,-0.45974591324326,-0.0928774975060825,-0.437288201292704,0.0647414478720828,-0.0725096877074881,0.105987849729182,0.102624028663819,0.0270706006331862,-0.226298979607454,-0.434568796956345,-0.0346018748971257,-0.247804315923719,-0.0982372298884275,-0.200570365807861,0.000266456961152227,0.783255679216067,0.114931098022158,0.345133219126434,-0.0495167768585177,0.0792609147220145,0.168938354968635,-0.181341193775701,-0.0747147164110194,-0.710145991305516,-0.730303103752236,-0.109537748344983,-0.0556771896629269,0.0259410495429599,-0.0379367473230619,-0.349244579474821,-0.705029374676043,-0.283402920953282,-0.300963562649898,0.252925500304315,-0.264061647651615,0.331003831988033
"ACH000441","ACH000441",-0.179843918735378,0.123685196402495,-0.245803443373597,-0.0545919225520988,-0.276851294324666,-0.135106671205517,-0.132376262038065,-0.24281117301159,-0.083822327835307,-0.0902791763435181,-0.346482591338849,0.149913811090313,0.00590249697172837,-0.00425267618416199,-0.613685098153679,-0.294857362148395,0.458262939597743,0.400519518712377,0.83513160341275,0.275104044267469,0.0792735709103318,0.74939291452802,-0.337989414694783,-0.0224815856969423,-0.378539098664572,-0.313967891522002,-0.327640439086341,-0.06314258084198,-0.515652849232422,-0.25789626743906,-0.0571134446157532,-0.254872755534941,-0.079039866335553,-0.248825581404053,0.0129485944504395,-0.320801128556693,-0.640652967383598,-0.624881460203965,0.144453750313696,0.328547704066247,-0.0429435409593407,-0.265628019549081,0.258215571759123,-0.214058605683829,-0.242453222726305,0.0510953362192703,-0.119286994502719,0.301310066949556,-0.252304885002012,0.096967012044752,-0.712432142992,-0.107542950286052,-0.341567573821858,2.36222679994409,-0.086892985716988,-0.222655742217948,-0.21606876685366,-0.0663103986757454,-0.0581063897061397,-0.308202057855957,-0.30423178490179,-0.181593087708942,-0.607584597301068,0.307399111198458,0.0464884681925223,-0.521124538014923,0.110361121723811,0.535157413366833
"ACH000465","ACH000465",-0.0158161666071654,-0.442271806415527,-0.251940219541513,0.111325196021255,-0.578883345997443,0.189226889289399,-0.275549577583448,-0.000441252143385018,0.215561754360251,-0.346468517571102,0.722083192375917,1.14211308759782,0.26511276574676,0.267936056465374,-0.227210329200398,-0.138356978994386,0.833944887307602,0.0837733058726249,0.611198377182528,0.119362343437421,-0.00546240372656509,-0.0331228356906033,-0.169947539526753,-0.0829362430078899,-0.545490164357954,-0.267891631822241,0.0879040555959663,0.164714620953367,-0.602881895025299,-0.0713916371124504,0.216483939285464,-0.421182964557298,-1.33388438062015,-0.531453022817216,-0.631477165088166,0.202070437411354,-0.550775859940596,0.116165395404884,0.402476083374106,0.68365052954653,-0.262668587562597,-0.0102030813394412,0.631969115210836,0.299061614907202,0.112258847845066,-0.232937204869654,-0.0641671853895712,0.127020863620865,0.249464086983042,-0.410382237053086,0.290318653654606,0.794333470567666,0.522986198213163,1.11792768265945,0.555091838161587,0.075314319434382,-0.320850609381062,0.404673257557024,0.682905913018335,0.081575719166256,0.30211261836268,0.933398075719422,0.849916407597193,0.588075635454802,0.278511095748617,0.162446690040335,0.437243806837695,0.239860619335567
"ACH000477","ACH000477",0.129424150526496,-0.229186727347551,-0.121680493117477,0.110689097925154,-0.264134721839915,-0.0537264762177565,-0.130002097542006,0.00610777848026666,0.797270877831839,-0.129344495405551,-0.211505469509835,-0.152801210243447,0.0414148726655821,0.214377410787192,-0.0179092023495517,-0.148778252703312,-0.474307331845082,-0.162167382947447,-0.0991597339016475,-0.211272286355834,0.132228442762123,-0.316305273707745,-0.242425581314875,-0.146564973396715,-0.272722307828883,-0.0452698655875124,-0.138225300284465,-0.0452429230851344,0.358058456368724,0.0346850584967749,-0.0843402401211752,0.269584610885881,-0.206138580472908,0.231653989796792,0.0503578227084473,-0.2036016220329,-0.122626883851039,-0.126573281728228,-0.0175514125631083,-0.711006239471015,-0.227103824268107,-0.0438000804047937,0.523979186589688,-0.0178504612578963,0.413213295819691,-0.130083004063438,-0.201627603727413,-0.166113873785175,0.138867033902077,-0.893362298175877,-0.359011611522274,-0.642786914763248,-0.0285104715153399,-0.283046781742843,-0.249194188568863,-0.156068146665983,-0.0125873283857872,-0.235670097437021,-0.474573964561945,-0.0761213482072283,-0.291395944844267,-0.135439640399766,0.0545192325688357,0.283436287524134,0.261958771131773,-0.287954940246377,-0.0331124456908542,-1.20024205674549
"ACH000550","ACH000550",0.107432336558937,0.27645802840714,0.308459193541414,0.132368501561346,0.956591616543811,0.34645909890725,0.381405589233103,0.123539646689908,-0.607077528516511,0.640893414083871,0.563283480840966,-0.00280154104163665,0.0606231593544287,-0.296509424857863,3.6933056515511,0.0164621916316912,-0.0373621939563394,0.075923834907579,0.2836437742085,-0.0121153626153478,-0.203639373117022,0.48519987420227,-0.0294323253356238,0.273616022211127,0.465062055570191,0.200974200010505,0.110606523226629,0.202850138491786,-0.252956552805876,0.0125502947555006,0.746029982146682,0.477736724551016,0.925561537977518,-0.213996841923198,-0.156609382623498,0.0853467964027465,-0.285218898267785,0.391520334003757,-0.346057254024524,0.679717209214938,-0.408461180602392,0.300002032060935,-0.097421145286611,0.274915280726965,0.545396123378198,0.307461408127541,0.693025135861292,0.190411677283381,-0.439811235486517,0.534266629273415,0.458638164957814,0.306583801557019,0.0787210808593155,0.220691586744117,-0.0597846831546198,0.297696016525974,0.171436232126237,0.2186076932774,-0.0395765477918367,-0.175981466784281,0.191134013234753,0.0211714714300442,0.0548853041092812,-0.193483111728471,-0.504866903948287,0.290243579549069,-0.021402780659132,0.854865713836631
"ACH000572","ACH000572",-0.157438744803302,-0.529461856276254,-0.513481554633486,-0.181277334580891,-0.310009493907765,-0.174273854523894,-0.580019649456196,-0.203366710885421,0.360127170798793,-0.192936486759233,-0.460940005573703,0.0761096316830789,-0.294393743231872,0.111339759951799,-0.365299520799682,0.122756661233867,-0.906233182647024,-0.308282739991508,-1.00602756043951,-0.248376685480703,-0.386935116850458,-0.608686802221214,-0.415160393126479,0.0534597909281244,-0.599157774489229,-0.312699148396777,-0.468158710398786,-0.0427808964841439,-0.438775872769866,-0.156629371107008,-0.438731646491183,-0.389122738933848,-1.0088763648741,-0.0769295545246151,-0.0952365786904719,-0.0508757195351682,0.580881289975284,0.797570094840187,0.491782604208685,-0.150547508912166,-0.144677384559701,0.327861722062545,-0.601297546057679,0.212024183447282,-0.514271770295827,1.24562093066371,-0.0586505475146404,0.22683338760214,0.00375564754315776,-0.374373607203564,0.537455198754617,-0.0745762195815291,0.279492521504361,-0.122905711940625,0.305922023566684,-0.232664971357098,0.446385025513597,0.12830948700936,0.141372350814364,0.0147120561867056,0.960017126643066,0.143513782465573,-0.199867348218529,0.233574158615348,0.0470224378423464,0.488064716342143,1.01906209169556,-0.130381663381869
"ACH000579","ACH000579",-0.176875630228518,-0.288123356222677,-0.338715050911007,-0.314152433041505,-0.779154609512418,-0.519210321665669,-0.328624005312816,-0.358698323292991,-0.323063913707096,-0.278218243448184,-0.209516088600379,0.220334884208443,0.0580995781343091,0.103861357195817,-0.0754487396880725,-0.256935157913915,0.165670400734473,0.286108642707074,0.093612913375296,-0.0847229973573779,0.0319308432987085,-0.385783609418244,-0.57034977288055,-0.0658194736515026,-0.298964182739404,-0.0659072666361405,0.0176446372495063,-0.30590880977766,-0.665487764553675,-0.426955084962518,0.357825864757175,-0.20118862977238,-0.0939856067007499,-0.915298441424466,-0.386820248322209,-0.147133491182323,-0.0408127348751249,0.015973342314146,0.658871311278617,-0.42660504181944,-0.0393249747946358,-0.0222806513700155,-0.346871314579361,0.109560785781552,0.787704497839059,0.379573095698607,0.451052962367798,0.424375191507734,-0.307519800884647,0.633036547062657,0.338355994973337,0.27247581302741,0.440795786697788,-0.188583912269108,0.300296363869401,-0.314083557434725,0.805666614965675,0.181723802427169,-0.00983154673578473,0.166278386317785,0.190332164460736,0.489831477646161,0.195383795191121,0.233916860770324,0.363407698342293,0.73006632354653,0.0691587359069591,0.166931747049792
"ACH000580","ACH000580",-0.144271975434521,-0.295851330560628,-0.289421265115108,-0.362731981647442,0.149777303172678,0.0265217450477869,0.0172881256735107,-0.0689997276809709,-0.270007517436484,-0.0392800689361764,-0.347290867222569,-0.598041445997458,-0.0597019298604917,-0.214225844280948,-0.667194322081862,-0.18323953178642,-0.164520583901734,0.263878626823796,-0.378079827399901,-0.0232479129380628,-0.444572930799597,1.03054987698743,-0.108494277994248,-0.0694149429091364,0.199670302091273,-0.480305593294513,-0.217838966786715,0.195469774159423,0.0477062964258107,-0.128593640755078,-0.152700157243438,-0.0785397416471899,-0.232488936868302,0.0627260994997203,-0.468095490131403,0.138337887919358,0.763751970486688,0.28919149246306,-0.0516884270009108,0.665393292914383,0.0624981767240132,0.0832688695026135,0.599828044845366,0.144372223786393,-0.462301257768854,0.170300322354678,0.0062834758778986,-0.765112646599692,0.493295732771572,0.208256285707943,-0.175721424887955,-0.409606128118311,-0.280219315172764,-0.090868634989514,-0.00720251788211203,0.635610089232759,0.0870548173690815,-0.0165591119120761,-0.00664245953450029,0.386914204678465,0.236511618792263,0.390176896339275,0.0193079177011921,-0.624950730189731,0.00278991913679641,-0.677158794940933,0.319518986062153,-0.0616358237075043
"ACH000614","ACH000614",-0.0846041812753194,0.19318640832274,-0.0602401630209372,-0.324699360452055,0.146943100272545,-0.025260655298546,-0.275738969934913,0.0606505049787265,-0.264157323500574,-0.116167117527742,-0.159712077529586,-0.296249128535081,-0.120626717333161,0.54290632215501,-0.281738865359194,-0.223486647830904,-0.276920320329409,-0.053411611600359,-0.759935991571448,0.260114603038279,-0.107601065770493,0.0731436357952628,-0.0400010914120863,0.277860812510286,0.305733164947128,-0.159880734803251,-1.14510912923285,0.198728502579505,0.481782196672212,0.569863032837583,-0.470300399265744,-0.0925880671916029,0.443231356731265,0.217925818394006,-0.625775361613442,-0.39478648841448,-0.479057776795426,-0.167738884521621,-0.171349608233088,0.11148557177522,-0.354470887002808,-0.120892305119377,-0.593866934092972,-0.175363493011641,-0.497795270743107,-0.0920410599975318,-0.689938831160276,0.0921666981348603,-0.591080582582287,-0.128033551246682,-0.516118706385565,-0.545270813259014,0.445589659553665,-0.224989714117158,-0.1898230247652,0.158123606678322,-0.215148234774366,-0.0842131956966037,0.14943518067996,0.0472010552117303,-1.03342713203943,-0.00374450307631017,-0.687191656137725,0.0162032058923298,-0.106196062107319,-0.578900374320553,0.103504095037036,0.147623991591397
"ACH000615","ACH000615",-0.0163380376969721,0.0214162539588575,0.0747880555778479,0.0225569515943566,-0.0915163163509587,0.0626669506162026,0.0479593666989015,-0.0593367389772655,-0.306083291584033,0.116013209729816,0.14428699428358,0.346348878724436,0.121842578594654,0.288667731826018,-0.18585251593641,0.185712468490236,-0.485213792823276,-0.220792020268767,-0.179045013522467,-0.192859500661525,-0.224571907814869,0.0389234200869022,-0.367200242045335,0.332984897112864,-0.0839521927921884,0.0860757265228318,0.168343688966483,0.273890638436674,-0.338380071707422,-0.215713124666967,0.0179715209322716,0.458758086529603,0.267219445868999,0.123274667786839,0.421509741138181,0.0538846283276719,-0.545843557756771,0.0297429229705254,-0.119436412338177,-0.0810537574523214,-0.226565721573767,0.150127798246925,-0.395624660616086,0.135312001193923,-0.129971384116061,-0.189567661328221,-0.222937965393238,0.202819401878717,-0.0123047635574977,0.0316603972287,0.249341594762628,-0.0826347831731419,-0.0431570458847896,-0.189285951647156,-0.175897460780619,-0.0920185251027326,-0.142223372689045,0.0844048915973621,0.195171287648494,-0.472054325622337,0.185144108173815,-0.316014101473891,-0.245397668752416,-0.0853234615883162,0.308849698226893,-0.0329855344253911,-0.125560410612259,0.111811070782753
"ACH000640","ACH000640",0.215578710467922,0.375356159658888,0.210626359122008,0.267119762030629,0.562578447372321,0.386557658047718,0.72037705440221,0.20353770331782,-0.199478867818263,0.334314101354231,-0.215164232585155,0.458172550778261,0.253571037921777,-0.10418211231325,-0.0956033115028202,0.259335310330658,0.594462918359197,0.434569008987597,0.0597388986558823,0.517096831181227,0.321043960102643,0.392367926941834,0.409327016044876,0.240874353202721,0.575258793869203,0.395115018275555,0.361305479802208,0.388190247065734,0.524769882698623,0.348731048728682,-0.360310866503723,0.770046317432276,-0.0208593912210183,0.12190997070561,-0.152198903661093,0.140835425266506,-0.7414659936614,-0.196753437488101,-0.402600879467086,-0.0392951019589268,-0.152909366810957,-0.232599609801515,0.698677997121732,-0.226193816820415,0.390548965359094,-0.369759624103841,0.20644068493351,-0.560920414119185,0.3104872018088,0.14945264833052,-0.361832776021197,-0.111239209890968,-0.188203118566309,0.126769970098605,-0.274924033198721,0.303192071503398,-0.638273040989838,-0.0110744471116972,0.176481224837608,0.0476563010844595,-0.398477251196268,-0.563857940382854,0.00923936848913503,-0.808317376415411,0.0841378894674874,-0.707676626459719,-0.813860346541154,-0.0228395300820662
"ACH000644","ACH000644",-0.00577338224796104,-0.162961222840507,-0.286884914274842,-0.0619838438586807,-0.190273229957583,-0.113352452820108,-0.181302113411049,0.11365388256809,-0.0408083339611609,-0.133476243289661,-0.279743977359471,-0.492494272029289,-0.0282936135807956,0.00171657220782849,-0.600553119162175,0.120793738558805,-0.103525463784637,-0.122202772978044,-0.646392063186862,0.157267753864048,0.0407332501775958,0.564872791207895,-0.437760191386102,-0.5617574954786,-0.40726185389944,-0.138640320924333,-0.14273633752688,0.0398086796399641,-0.109319237371629,-0.122992639698442,-0.175043265799504,-0.299542519718622,-0.131325215016411,-0.496504240751498,-0.431579711603673,-0.429525778400026,-1.00125832021267,-0.567911577932489,-0.960640139593348,-1.18179532321734,0.230835431559888,-1.03594302346223,-0.767784601606682,-0.90183110338245,-0.0724432838759013,-0.820008839129505,-0.700797121761519,-0.133994012608108,-0.330477405998407,-1.00353639704776,-1.45676379995725,-0.900836140808728,-0.927984457088521,0.191602637836758,-0.564943450344316,-0.360500122916438,-1.45576021607397,-0.490671038552198,0.0112950070980384,0.174594537194149,-1.05786458046361,-1.62181804582628,-1.25817966225279,0.104523221063902,-0.0273328437602886,-1.37865741972871,-0.492619125363996,-0.558250548926032
"ACH000650","ACH000650",-0.277063660049343,-0.107159000751356,-0.276178962170677,-0.381190807683787,-0.169054155482872,-0.370082101529612,-0.530585256401671,-0.309691677554491,-0.275133467192016,0.148822369178154,-0.344671960708678,0.185541913176766,-0.25141879631635,0.00240731539835657,-0.523345599144343,-0.30498704298145,-0.39059378250601,0.031644468907575,0.336471211977166,-0.61424278677474,0.289601678600714,-0.353172880384839,-0.1709361504027,0.645780189974268,-0.311025679747039,-0.455150849155084,0.0747754430348795,-0.173905438957979,-0.371442271542555,-0.0828220488860126,0.0951836252169016,-0.136886122900673,-0.153336199892222,-0.102749761372066,0.433336767903147,-0.142706903941135,0.207875881441108,-0.124052261617622,0.182938220490131,-0.484011778408535,-0.142641098776716,0.0929792665126219,-0.190700588536078,0.517937653771404,-0.223048626462155,0.125428953828601,0.45080112643791,-0.168895927773255,0.691346488708133,0.335243764281772,0.498627305674154,0.382048633436056,0.465663716548539,-0.116532522299836,0.404614104677242,0.0573701874334532,1.10156140916732,0.27448683132089,0.0503703530478002,-0.865537037339739,1.24091655957887,0.706758355324278,0.473292317567767,0.260454891264484,-0.0622547566215075,0.557950095207964,0.454600709942145,0.172509872948026
"ACH000730","ACH000730",-0.134766071814518,-0.0907548076955617,-0.20418898337932,0.0350591812965349,0.0100282710704703,-0.175924095403643,-0.215697567944316,-0.0734852909175428,-0.30330772491864,-0.0150613606448879,-0.156965177881292,0.208163307865872,-0.188991595786797,0.0918223147477023,-0.135366543738916,0.214357934225683,-0.267192642910961,-0.325008675177465,0.175401089864755,-0.165913911107245,-0.107971040034568,-0.464162931173862,-0.0343351718427851,0.311463852216555,0.0583795854629175,-0.359083474216224,-0.485947546653943,-0.254163155452738,-0.420041807659029,-0.309297441258621,-0.359661858362151,-0.274018205467551,-0.263527447932486,-0.226880550840743,-0.268072512236284,-0.173828084204546,0.452401515427394,0.80301079485292,0.620177929138779,0.436541515731869,0.229339151619055,0.119897298305201,-0.428330189030649,0.478957903258667,-0.587130911076561,0.267097207449741,-0.0921349801386914,0.302951754901977,-0.36359841235211,0.833844527958909,0.343663230274694,0.111943377827837,-0.0483876608063019,0.11113073291455,0.0356588658000424,-0.116629990798953,0.62600887119469,-0.155845643993094,-0.404335532867155,0.0942260858826955,0.729232301901052,0.446169879121314,0.0710336788892544,-0.0302251805831139,0.00226483485508647,0.178793413848448,1.13468250071236,0.671416468331746
"ACH000750","ACH000750",-0.163571318005133,-0.097408235916355,-0.0323199127758291,-0.564278810699676,-0.311991213005068,-0.0484537902611627,-0.48441084823728,-0.0853377952658081,-0.50405127586605,-0.222819399036098,0.82968271549967,0.539153052763321,-0.0427135730850493,-0.451945504117343,-0.991896363498371,0.140450844008377,-0.0368227031096541,0.155659146700847,-0.968641568684623,0.0607821911321267,-0.221386230697101,-0.695627650231763,-0.534898131122523,-0.000251430255081558,-0.721720522254211,0.735361333563862,-0.0428059644235626,0.159297794516098,-0.712119148136594,-0.432500897034647,0.0484375302315031,-0.00232437112267384,-0.0782636700338274,-0.837142375259224,-0.370916338140256,0.430810910937569,0.436129697868456,0.540870634572171,0.585884177651517,0.389870716127571,0.29361972602719,0.575386341845054,0.628325338923148,0.199832141990725,0.576206250527421,0.412606058742311,-0.187151874295843,0.369864442458592,-0.388186951099089,-0.0940591444874383,0.447697000875345,0.239439012572634,0.179158920998361,0.170904115816476,0.348569148621766,-0.30242095336584,0.387713754233801,0.373833224478624,0.654701100829924,0.108437493134181,-0.175784664619648,0.0946864659338839,0.0389702345557659,-0.865877186168839,0.153326931993067,0.741579181618333,0.0365202932126506,0.338945109368842
"ACH000788","ACH000788",-0.145981324672651,-0.32247137263723,-0.230021485750695,-0.0737256327033834,0.234016247237287,-0.0486410259215442,-0.239346005992356,-0.0428836899764505,0.0215615194406168,-0.436503044925209,-0.0751776765237388,-0.509895564274085,-0.192429253240101,-0.498419181596837,0.74662618525836,0.278689938568694,0.0233492900013521,-0.277135523246563,-0.141802374411262,-0.0135786553927165,-0.0482833787587528,-0.0822463237155367,-0.320299771992204,-0.05610345410105,-0.514121302229997,-0.0758272382912256,-0.762291576113061,-0.190261691229614,-0.446985121489336,-0.528057061199556,-0.37156031492598,-0.167637040722494,-0.298593342886746,-0.623797700876132,-0.105344577208013,0.0946519817552816,0.86593296305898,0.0491391785756257,0.0813426399316885,0.84647173415471,0.0666629397743148,0.0883230898496138,0.740997193620831,0.27221355745665,-0.942447314422821,0.541367219345722,-0.0331015528007913,0.104920011009232,0.22929501898069,0.17413343087909,0.58181255020914,0.213126508736777,0.280385974980901,-0.196512750128638,0.25053123565981,-0.417207978288663,0.485503838572906,0.0184897007258131,0.0649886157903314,-0.385838669172515,0.172193393662539,0.462430945736627,-0.254882732338424,-0.199705924068872,0.407083745712916,0.276815569246598,0.44813707550508,-0.0436921561892075
"ACH000799","ACH000799",0.217011748956379,0.298500452708439,0.361055180215675,0.511783179660294,0.0919874994455234,0.31305120201575,0.082467269268491,0.385145557973733,-0.0232794096527602,0.519344796341906,1.14458204230249,-0.46105898576664,0.0998470125791727,0.927486394736075,0.134872622190779,0.0458987336055222,0.438707746271091,0.383998842088626,0.398888180164945,0.22534901753263,0.726056137145178,0.250578575332047,0.609117310477549,0.954522623777019,0.920722064071572,0.296339840184966,-0.494990496785696,0.179285122399269,1.43035577096415,0.757763372663657,0.014843343538217,0.500458980946294,1.68193121457567,1.01280413448775,0.552833239160023,0.531837743735138,-0.164958078957953,-0.00740623104916339,-0.341258335970563,0.217267847508519,-0.298168826721011,0.0286427848085808,0.0313626013327203,0.728143734214864,1.09876889601014,-0.0547606840840932,0.0626432751232656,-0.0873589709869132,-0.303323589448218,0.593109396839156,0.0699224422710933,0.680546775604072,0.0878803435041358,0.17249110711624,-0.275599621527227,0.235836447065216,-0.176674955426537,0.0515333491340907,-0.299345288985143,0.251364761138212,-0.198905066479872,0.249694075712962,0.257251600386842,0.464343729593487,-0.0877379486990285,-0.127249042861315,-0.933377841836136,0.160425384967678
"ACH000805","ACH000805",-0.0610155501933303,-0.106077597812497,-0.123582518766281,-0.0221474058316341,-0.457601057460908,-0.158387645741266,-0.191893535584961,-0.167049017714893,-0.42780208642967,-0.39024803633611,-0.153374452109152,0.156284103722191,0.43998540545027,-0.344254964702242,0.405516761900404,-0.383094557637103,0.0265083914644688,0.183664250440111,-0.795479033886547,-0.268126882459967,-0.18954422983924,-0.0753252247704478,-0.262436067864926,-1.14926916639763,-0.636043156693149,-0.00817129666393492,0.0268499029118555,-0.0836869684715543,-0.224145588455664,-0.217726743746614,-0.50935817926034,0.279019906494561,-0.793366225067502,-0.179844084698196,0.183605427946023,-0.191891976839336,0.137139414260142,0.00212032836867421,0.243609793742718,0.0660266246417236,0.248530906106516,-0.225618930474481,-0.196715909370563,-0.0250162256219936,-0.69282879658142,-0.0902001772123285,0.0226866955811746,-0.229518472898824,0.286789625283297,-0.122695907231942,0.0411869448585099,-0.11925364369732,-0.121899830950706,0.281227593547309,-0.264383239381897,-0.173118084118346,0.0283869900931115,-0.150967242551495,-0.290761650746842,0.0779001570668179,-0.33912812135044,0.671435722681432,-0.257276056912506,0.175641244277745,0.212516119727265,-0.342113365361834,-0.464382987533482,-0.241434280475803
"ACH000812","ACH000812",-0.01276031026766,0.536926182061362,0.0291025229447272,-0.0739378402037744,0.424844130469964,-0.032551380015972,-3.67548412002953e-05,-0.163448935005026,-0.453651940956971,0.152663987414057,-0.624829347836655,0.372394249320903,-0.0395929903226462,0.459101889124284,0.253776106532502,-0.440783902976541,-0.0577589601891349,-0.244490438778208,-0.251139551786032,0.130444874779493,-0.0565169715737528,0.144216160324765,0.185549245228728,0.091489551669463,0.137047617485977,-0.00924109519155187,-0.61245184624461,0.402996092958895,-0.0678613638534783,0.25412314684242,0.257613024956954,-0.0830529654351941,0.459623747408845,-0.651271743761712,-0.840638596509945,-0.10383532613757,0.0950001418182897,-0.625034845311635,-0.411160253948335,-0.323973018680707,0.153790871128802,0.127750606206865,-0.818104323073253,0.0334761836820036,0.0882830390946825,0.338420809937328,-0.158410925547016,-0.141891873519002,-0.0938599304166322,-0.917406684973829,-0.493581850393986,0.740461433719504,-0.263259113954379,0.125573416561409,0.122429926662348,0.338791460795839,-0.0913194678458607,-0.0112238290612136,0.901666766134835,0.307951130024906,-0.595063921026864,-0.280891647594667,-0.0991867655256837,0.163688109270503,-0.525450327537299,0.240632243109648,-0.023752031440018,-0.396466284937716
"ACH000814","ACH000814",0.00687953681354288,0.224092556524529,0.320008982812525,-0.0351007643661034,0.0583087298268629,0.0401130070380346,0.190303862533289,0.0127259152635798,-0.414454410429374,-0.0140591961593078,0.079957647811828,-0.317148532359962,-0.104467949439172,-0.0303614883738022,0.3958084176172,0.167659911634968,-0.225538169366898,-0.164857423096847,0.8082188117473,0.0290721119198947,-0.249752851715379,0.394158458719607,0.0334745235688095,0.114443996772708,0.138835860294482,-0.107400262519943,-0.257881482428166,0.408020243969515,0.1401453986611,0.151912386337689,0.0629595575115222,0.767931835338963,0.0969220265421546,-0.265214222078055,0.137790051286363,0.0965027106893721,0.326382511606398,0.0785541926137764,0.244753022096047,0.252144041496078,0.542907693209636,0.198076470590273,0.341887702980427,-0.0115986444724439,0.0455416596353948,0.0530983590176765,0.354633640649624,0.280862793524479,0.358549110423023,0.388074906888527,0.261501666798657,-0.108333392025495,-0.00975511954796496,0.0733294156105754,0.104849963262008,0.0533132501041554,-0.305915620532967,-0.0480352362213555,-0.0875784390018603,0.0133236438543139,-0.138428395057376,0.201828114542082,0.00464350375157314,0.572326538689192,0.186839634058695,0.216620007672302,0.160866289937775,0.050582806291752
"ACH000822","ACH000822",0.144050784330075,0.297042912772385,0.141518631243166,-0.15923668115983,0.663040469658302,0.25865995174197,0.218853410342103,-0.135371451588327,0.169104279825662,-0.0731687070466399,0.099493089001347,0.225138253086325,0.342513258736222,0.24160464687303,-0.597526965239812,-0.192754069027614,-0.285678652587963,0.220870372946047,-0.289837544355901,0.178189111929762,0.189415721661767,0.0194286536483863,0.344164139681095,-0.00560756826460538,0.275186875786254,0.260676195713151,-0.31410477876888,0.549283299315831,0.655215275100224,0.152148254109334,0.223849516689737,0.475809932458055,0.675196267217213,-0.381873769814764,0.0817160218555203,0.0121404462310989,-0.94211074086962,-0.248532250429078,-0.391487254830245,-0.206677462641565,0.27904913088122,0.0524562964387775,0.226229867794836,-0.203468527141732,-0.0514496587200579,-0.025534488561512,-0.244518443371503,-0.46823390932135,0.417867639273299,0.232063241920179,-0.423835897669084,-0.406685828398533,-0.635447188356756,-0.362327013824782,-0.295674695640481,0.245605009820146,-0.289836857320948,-0.0527432801373081,-0.552996642622084,0.134803541072009,-0.656457225075465,-0.486274072659445,-0.44092155235051,-0.508969348011057,-0.370304301491912,-0.469033865176262,-0.920251131221978,0.115261043949961
"ACH000882","ACH000882",-0.104837939501731,-0.484489327509388,-0.255132115394288,-0.107615631317552,-0.301680108839291,-0.23500763178126,-0.229058491582838,-0.235769843976593,-0.622648018765438,-0.0694234184161951,0.158433697497421,-0.00796055666181349,-0.013680777780781,-0.49211292421865,-0.418284682616884,-0.105201695583695,0.0388361574290744,-0.0488030813405505,0.583681502061572,-0.142761007635524,-0.21521344221357,-0.274457947567432,-0.513475090287562,0.745690889801272,-0.271217946509877,-0.194228227628052,-0.102344313144115,-1.17107089728481,-0.522924614090739,-0.473554952909163,-1.00655782457655,-0.302071776718981,0.386110122214714,-0.511138042607479,0.193173867389185,0.0290361141952819,0.382649157153579,-0.161429999501989,0.420942239362939,-0.1530026004549,-0.246933991323203,0.096302649957382,-0.0745651775293048,-0.212785878645042,0.180317253973957,0.151040118389318,0.0758898965891744,0.0254011991699064,-0.622470576250831,0.226942799448217,0.24892888839502,-0.234362196243067,0.0856073754584728,-0.849502272754683,-0.382232380598977,-0.39685440511878,-0.0384229716131241,-0.16502966619567,-0.418300386187597,0.0257145924041781,0.110516603146815,0.148951512053847,0.396367070453985,-0.426844315752806,-0.283483711954604,0.246176884042781,-0.0793554464835777,0.0681780864757918
"ACH001239","ACH001239",0.0172444435793159,-0.507580104702798,-0.404050130104914,0.0418929594667674,-0.652340291045085,-0.221587468787571,-0.298176084611893,0.030219188262504,0.258522322378083,-0.0923605879670544,-0.40537416156067,-0.693937217038569,0.00885170281514477,-0.0844919583375374,-1.53925423207993,-0.166713901516172,0.312722486986199,-0.185036775934229,0.570565421946515,-0.0833581677244497,-0.2581875674238,-0.378888456400985,-1.27863919949652,-0.707553305250674,-0.698626490515097,0.0652623307446667,-0.57099197407447,-0.704403807837984,-0.55396320155656,-0.340363850184436,0.679573304241422,-0.310222371181284,-0.908234709176691,-0.364187554921069,-0.307843866634637,0.103514607828768,0.773833029179745,0.288481664664471,0.256010519699941,0.0538012052977399,-0.00218384321612547,0.241010034977053,-0.278923560895161,0.454089775265285,0.345641974819189,0.208371318320787,-0.299435685275811,-0.65562449770934,1.23239644624421,-0.686477490320341,0.212325912531389,-0.308486494098178,-0.0245010187172965,-0.0822055970086056,0.149286994109901,0.506757385425728,0.681448267053551,0.269057832282591,0.369879037946818,-0.0853567870207583,-0.118233189204655,0.16544481742161,0.74221623471644,-0.218718099357904,-0.0944030834470952,0.0922947814203864,0.405576228961164,-0.573693394300747
"GSM2138481","GSM2138481",0.054950401378465,0.251371784062845,0.320771738099768,0.289934637816472,-0.311946021166649,0.00222856342975132,0.207090828892199,0.0419957139372732,-0.176109715612465,0.436474653035761,0.0444786166401414,0.0308120359129051,-0.00599209577714352,0.10191277875341,1.10070104071941,-0.174926045831072,0.182383212902204,0.229626652642215,0.369328540859536,0.0604307412866399,-0.490709114089081,-0.332055979527713,0.410703810118303,0.399923703351676,0.168969498682702,0.0147397086812145,0.370930566785669,-0.113283068765426,0.0857607078974558,-0.207637406449614,0.144281540256932,-0.235100410198807,0.341813580912074,-0.160196826913174,-0.388220915517146,0.159698070047918,0.610406585456891,0.315221140310531,0.110470102678455,0.521595412125304,-0.0274029718980524,0.331631037106478,-0.20761415428299,0.185123422106332,-0.22105845690249,-0.0315043875533004,0.246638182617026,0.612237991558575,0.0176715094321562,0.161943141149252,0.348384001354135,0.532638353689246,0.460172950610205,-0.582506873875112,0.393270015065167,-0.0146036193379937,0.35638134737314,0.181449311727502,0.491053510117588,-0.161781365717945,0.624952120331667,0.68865055127481,0.555694375753424,-0.0331635950307866,0.0403286421672233,1.0238189270936,-0.440063835627738,0.687499040963827
"GSM2138482","GSM2138482",0.225516997936443,0.20159071479275,0.290854793156702,0.37459381853155,0.253831331548002,0.161099756336969,0.21349001844931,0.364238612661844,0.174638337942729,0.413684618338198,0.883494905888698,0.273960746776132,0.0222471235545679,0.643152079154241,-0.343857887584097,-0.0511986719836392,0.142953341596707,0.0288185485109249,0.201166681113977,0.150820877783464,0.277536653613219,0.438491900109412,0.130610229840774,0.921839208293417,0.472581264847948,0.076920971132883,0.478143808421589,-0.0506846975954408,-0.116742462494483,-0.326834409304623,0.0225878572658114,0.0933406048169117,-0.172210965972595,0.335608633897204,0.0725170653441423,0.0762699435584176,0.347262007439917,1.14952042363274,-0.177696550477523,-0.453692374566233,0.329516007958839,0.184055516553385,0.00554701829088425,0.395305124997046,-0.33579537901558,-0.0666338996246836,0.622922317684044,0.517883347980222,-0.0183667009904484,-0.107503504658721,0.436117783108149,0.897641765231849,0.534977913537882,0.535999227987854,0.100097467773032,0.0337966728487662,0.110727628784658,0.141767483954115,0.00227132801530916,-0.467255884109288,0.334328727356368,0.706856069983537,0.27865543288537,0.357286770415077,0.178328155630927,0.686908820657168,-0.0940713874911667,0.510592064675234
"GSM2138487","GSM2138487",-0.341847938692405,-0.582832122102257,-0.452596357666591,-0.319790964422657,0.114293128649052,-0.398828132568652,-0.416947516889877,-0.424079736837925,-0.333944005487148,-0.172851771878235,-0.485187344060508,0.18717833527461,-0.226503865960151,0.0142040772004,-0.362991899436407,-0.28659251448104,-0.672794253038213,-0.394200917325938,-0.506573118759033,-0.343088777892552,-0.655892447383803,-1.01376909185064,-0.6103617532659,-0.162498582867749,-0.467845421625432,-0.554330500624398,0.399418780193193,-0.139226012931242,-0.592798602692925,-0.483066644758272,0.250948034746089,0.140922202700411,-0.0517763023792802,-1.13873121416864,-0.684027536178547,-0.0633618557361941,0.896026774122068,0.903646631528043,0.775346261723922,0.948700870238507,0.480336098876783,0.630952383394948,1.76652150690579,0.47893639288424,-0.124661105071637,0.746618201733503,0.501277975840212,0.231110138294179,-0.0135820696177213,0.474035688674951,0.684096284158459,0.175186103236939,-0.235949349065367,-0.536336924368828,0.330295495796933,0.18422766359402,0.946615881274118,0.38561191148969,0.116934193161889,-0.109746142878595,0.335896857314683,-0.262196557734091,-0.235713414322871,-1.31657397378858,0.295351650197263,0.783197102490901,0.624998331839192,0.831148065365759
"GSM2138488","GSM2138488",0.0336556298620269,0.379507446797141,0.334252717591837,0.29275686133319,0.177492357357245,0.0953237087157581,0.252859826534636,-0.0248880819360364,-0.398926425449898,0.0950493356484767,0.005068122993096,0.427088810528745,-0.0583817571673208,0.0863464574991047,0.763933642641164,-0.0658233910079161,0.66584874012946,0.0686445561524334,0.563552025499474,0.138139935024978,0.127759205551602,-0.0610138958507975,0.488549098280591,-0.213104684384605,-0.21494639092584,0.21395107658419,0.699764420663895,-0.324883738252246,0.476753567591965,0.0683313116577996,-0.196826962421272,-0.114869465688114,0.80167110181727,0.375659915223682,-0.0739710232080514,0.210886111371748,-0.148975680951551,0.325045301373492,-0.0566292366794817,-0.174320904120308,-0.150317278956564,-0.168836395445248,-0.393527290754476,0.0870790195146539,-0.204743420674298,0.266342872334466,0.104730606840629,0.325446823271964,-0.518358987937787,0.856561485958341,0.281620156096391,0.362557729646942,0.409645436887398,-0.196139377183289,-0.228918316116333,-0.160586777429561,-0.455174999444478,0.214088235638875,0.115358666486297,0.00197226678390837,0.534021572728787,0.62152244371027,0.561602500100884,0.318533677880689,-0.231271860241513,0.349712096680235,-0.197046751312083,0.493927394742583
"GSM2138489","GSM2138489",0.0743737162176615,-0.360095138796379,0.128990403505045,0.0601747325380545,-0.0675356750586547,0.442533298027914,0.141469136386295,0.244757347011305,-0.112374819773232,0.00522587741777306,1.59506634159761,0.619941037246921,-0.1327921426145,-0.357967679072364,1.10292798248423,0.299180517254634,0.518343655928076,-0.221450351593562,-0.112183560509631,0.250964179075416,-0.282416305684455,-0.745376857086888,-0.157661381974762,-0.0672912709061927,0.113134445822918,0.796803229374911,0.319878615861714,-0.284042144864443,-0.478080891104529,-0.23982449585482,0.352099483589864,0.381200924982381,-0.601740233013939,-0.20670612534295,-0.0431654315234581,0.456440197091656,1.05129350126135,0.236291447970239,0.39789383786037,0.398521806188793,0.265269600598883,0.272988948996577,1.0982918737686,0.389596301115426,-0.292863016314426,0.873967590399941,0.477725562169826,0.246133663675986,0.0613775814288278,0.425396190686727,0.336986311556,0.251727453354123,0.323982216834816,0.120067565139649,0.146089236886438,-0.190978047534243,0.750995600226824,0.339610918367849,0.457127789897668,0.00894672137561946,0.67558831158193,0.640644533535314,1.07082114275211,-0.141288499815836,-0.040633000153684,0.738460578182583,0.465692295397168,1.00721107332238
"GSM2138491","GSM2138491",0.0980445324084846,-0.0965761646028187,0.372634925981705,-0.0101460325056251,0.287364074274271,0.260134921836812,0.507831274838537,0.0690268062525688,-0.0909494061704175,0.245503250318683,-0.0262433906789828,0.656730643999375,0.125270404745288,-0.128356196668877,0.421835726134391,0.175810024624577,-0.25426436202166,0.134132992412329,0.0142075795085678,0.223950102642901,0.0826073802982015,0.090448509276565,0.193557414423864,-0.60727402829532,0.315444723282034,0.498702271470836,0.764544739841337,0.205916618620419,0.298611633352754,0.0986060370775413,0.723243221774492,-0.407098582749626,0.735462293006817,0.0901077365412444,0.413762235316861,0.262336062208602,-0.258668598547228,-0.652319140505024,-0.151665081340036,0.551792830218792,0.0293505742376098,0.138478587862132,-0.256375940399061,-0.00593040319323569,0.424060831969746,-0.234025463142434,-0.191165416244531,-0.450540951181557,-0.109827759929917,-0.0568213079482638,-0.338067643994454,0.412429507498097,-0.00572096175167428,-0.241061265413389,0.0740715198382574,0.214905596354146,-0.404717373968113,-0.108776700348029,0.410573641310636,0.163402869049225,-0.573616855640459,0.0122134660025751,-0.238468453702658,-0.394742310066647,-0.159399632824214,-0.444976883443041,0.166728995311983,0.325348744675509
"GSM2138494","GSM2138494",-0.00988008927668437,-0.0394178452337602,-0.0784464666864321,-0.0841410634499428,-0.114535941684757,0.201667500225826,-0.150932095246848,-0.0126918801305479,0.39246769080506,-0.100352009685582,-0.414631741911023,-0.590822107260255,0.225332122772904,-0.169109903742198,-0.75942406612646,-0.228105426566816,-0.150932250061689,0.286488433428464,-0.773249889594693,-0.187698999696681,-0.294021547345098,0.327891549748378,0.212566788191895,0.408445749441015,0.341916103428551,-0.0836566757801689,-0.334113226562954,0.256685369442454,-0.134513104298541,-0.11708546558286,-0.24832181374794,0.470115169040089,-0.173439917470038,0.197366939570283,0.203700007780431,0.470491443816632,0.758123350218473,0.34472796562242,0.0648460803789647,0.253067192230936,0.237795571074993,0.23333329488404,0.59503174053592,0.427142514870379,-0.121115250640145,0.148524583834141,0.00431467366366854,-0.413546282675146,1.45258347230075,-0.610290431344477,0.494196094260029,0.234347568801324,0.303287344878469,0.74741887537856,0.549783394107951,0.490173798377453,0.985033372238901,0.250807102726302,-0.0227695775873529,0.327555018469262,0.207446312851807,0.357714627946131,-0.304856584544882,0.863341200664621,0.676457689970821,0.447129954889659,-0.148540780331947,-0.288713022104778
"GSM2138495","GSM2138495",0.15874589981797,0.136761835213546,0.332321982401109,0.136959192868268,0.106343447481198,0.253648205358924,0.614370630280247,0.128532113813051,0.692178459579432,0.258999298924283,0.20458639486969,1.40548394887139,0.0605964447753293,-0.172436479534436,0.389164752765696,-0.122751155228454,-0.18357202745541,-0.0396424440703317,0.118646955826896,-0.0260051212521671,-0.247309186469407,0.100270908497134,0.306680564038033,-0.0511338984923499,0.14119676829881,0.344902880186407,0.37733901052398,-0.227030329258093,0.313896144160485,0.0422653859203893,-0.16936522131335,0.114245027460199,-0.387262881031322,0.389555059548,0.132732000180976,0.252985161476897,0.190737089680655,-0.219211181054974,-0.0859699063403853,-0.106144599443565,-0.207631851283503,0.112012251452829,-0.62391822310998,0.0657907854276677,0.651641161888271,-0.110170485301702,0.0820410306564849,-0.139466065609687,-0.189747782173818,0.175924483959837,0.282156067713382,0.12981829790718,0.120411967936644,-0.572639920011559,-0.07763221345877,-0.186029763986158,-0.104203873789747,-0.347016402777762,0.517010295108832,-0.0179050364834966,0.234481096767121,0.0677423315806955,0.129340957005134,0.320178853971877,-0.270213773867282,0.399217971498552,-0.468085266282862,0.233349186110742
"GSM2138496","GSM2138496",0.113133701572196,0.061820755253117,0.03425997401388,0.206725984894053,-0.0567513733158337,0.206134389559195,0.185930517216712,0.0414081733047237,0.436651680372713,0.0649586185873961,-0.369979026635333,0.435732525442572,0.120797967037252,0.613025953953776,-0.125435106428107,0.080726567873306,-0.222655964258952,-0.292752335660592,0.118241742582096,0.0697515729867632,0.508571872119005,-0.0759209635474703,0.310032639692626,-0.462476254355043,-0.103720330608209,0.172430241321389,0.132660079549084,0.0939530907335508,1.03664009268066,0.683405071907133,0.201636416870569,-0.146316231747206,0.122741098394067,1.69853788557697,1.02610665943134,0.00975347582240666,0.648453159772715,-0.436503764438785,-0.423986505856023,-0.316295444677226,-0.287635540527594,0.0440917156086099,-0.502189338653287,0.0790785667136299,-0.121036060299933,-0.0824694241377847,-0.333550413274231,-0.136757939865254,0.386606422193342,-0.32466852759624,0.337144106906151,0.340273006581825,-0.026179524716137,0.051251043049312,0.0195650646507382,-0.171811578717214,0.172186853501265,-0.0305520446416596,0.787352404477229,-0.0928015155180386,0.153187665886611,0.0905352358034245,0.299072329082173,0.422657453057527,-0.159095380471907,0.167595315791014,0.149408626474915,-0.451151083333824
"GSM2138499","GSM2138499",0.240824069112851,0.441245938181862,0.239034487742966,0.463242491994012,0.296764141256112,0.357176971578925,0.243479880105395,0.0877359949167732,0.453469639388411,0.0685272832928319,-0.286648861587417,-0.768366626390062,0.0433893718370949,0.00197000656191837,0.392629837692896,0.0606461256193518,0.263946012523847,-0.0277367113077013,0.305837728430197,0.128838114221985,0.0877645834510554,0.403752119024493,0.611395273878558,0.387869673208801,0.427674315050603,0.191245932258155,-0.511900969695376,0.106227490361971,0.546608008971495,0.408725192896349,-0.626278973986876,-0.219536908084692,-0.31970087961253,1.22057748603462,0.582310903042118,0.287808704196113,0.192317578189739,-0.159608602551035,-0.440584877473422,-0.165541460723746,-0.0726747374784558,-0.182908872681775,-0.714882781773923,-0.138353042026758,0.775136139989083,0.148927323678176,-0.180326457901484,-0.303674288106077,0.605540260078807,-0.683706868066099,-0.0986276274863528,-0.0236250768008455,-0.00874896770313914,-0.116923283800114,-0.222250842715305,-0.0428232143272147,-0.603775651326953,-0.0688510235891909,0.185102086815604,0.65090596622478,-0.290237138122917,-0.405976821301055,-0.1840379129689,-0.342171459010347,-0.207560848589025,-0.524660055600288,-0.620625710262546,0.0312640652082039
"GSM2138500","GSM2138500",0.355024262852001,0.785172989122444,0.639935632063667,0.339107815712387,0.430594437711785,0.270721033127209,0.677646510517466,0.52669846003325,0.357118487424375,0.44652013018031,-0.0144786358816842,-0.255699704995174,0.489408939050733,0.193498762780042,0.0517700597975895,0.125477174450006,0.51575986084889,0.261739394318617,0.237872370550761,0.546656392230797,0.441916925124648,0.384753993739635,0.54784523573282,0.125526950832139,0.459765505557542,0.548034640188562,0.380433853622815,0.48111058543521,1.05753666842216,0.714699982986696,1.67630683729488,0.206441494420331,0.486162507381153,1.00948535701395,1.46791717661248,0.381846379656801,-0.253713255316761,-0.0353829740538417,-0.131989689667874,0.43016813202044,-0.258831778299914,-0.0634262511280293,-0.352766692003909,-0.434149817899871,0.192561491346165,-0.346590002892657,-0.391275761995142,0.155609329224905,-0.130881864455415,-0.406063483287745,-0.32121886846027,0.321639157868564,-0.284697971233008,0.0512501461869726,-0.0163559557069414,0.0637929652905966,-0.876666734600658,-0.164926098893348,-0.224105029834517,0.364904014206386,-0.826634448060642,-0.749341713624089,-0.429077997562046,0.115110315791794,-0.564328681491899,-0.329739983702451,0.0833121440928122,-0.102217800887257
"GSM2138501","GSM2138501",0.34722980787312,0.167874994166324,0.599155683038279,0.42463195216581,0.0907944768495802,0.486478832914359,0.623333328592054,0.30711178227369,0.454970306982831,0.368617076649226,0.110788689419308,0.170453884404295,0.34485522632572,-0.444390662253568,2.47283405931326,0.419546937119802,0.675908666271131,0.266581925512227,0.384715129764033,0.170249807998504,0.459556467610359,0.547717978668171,0.622693356245886,0.0180929143616577,0.618238410161821,0.557310094201737,0.599099976797552,0.323382023956149,0.593945069962608,0.31247723245163,0.239013554094376,0.105650297178264,0.80885500871607,0.33876309487284,0.363710133853103,0.577789927153974,0.364622490466084,0.104321107423594,0.0867134046207349,0.775063084609392,-0.0700869374495487,0.107297131287977,0.288310086391092,0.062879811493961,0.348540236513615,0.117396763550665,-0.421520977354441,0.0272536183164876,0.414207151089538,-0.411181625764217,0.17473621930523,0.110179963080066,0.274941107129852,-0.122301875796503,0.129219697427574,0.33335650346398,-0.125339129649542,0.0616444875814528,-0.114010702399991,0.0101158627808256,-0.146043170079171,0.382093640267511,-0.367368199774184,0.469988250154197,-0.347034264065574,0.356955199991638,-0.0734970951681277,0.779691187870907
"GSM2138502","GSM2138502",0.0923777154243539,-0.0427709560902689,0.00775430504705184,-0.15039233209832,0.73192176835051,0.288324314656248,0.110982043767411,-0.106612850387378,-0.234518536840706,0.142299443717921,-0.132468317434204,-0.129836535799157,0.0437515388768304,-0.00611532881651288,-0.700412885504414,0.0636052222382018,0.0269103761190415,0.254385324786932,-0.401494620376726,0.210418708560135,0.502796318548204,0.422964101056259,0.134666231865753,0.473491375976412,0.417985798556498,0.0634943166808609,-0.102709844455741,0.482082175312034,0.0979573542276947,0.166913265584512,0.267149367079185,0.39011855979458,0.104995256229017,0.272944202003927,-0.029896472254507,0.304553550430847,-0.38535267395549,0.934991855712384,-0.124716564176028,-0.174434955659914,0.535935666827445,0.477875947268841,1.11384496468087,0.0291743235913435,-0.0455449629926788,0.316676782927465,0.0035260325809505,0.178290620901663,0.3993414734203,-0.122755479962828,-0.0457929819275205,0.244615455720152,-0.319061291475022,0.100312088910901,-0.000832836212782029,0.253277155557914,0.256871573848938,0.0134573696320962,0.0751134873785174,-0.0814131136367639,0.039300156782427,-0.511514207040345,-0.212594081953244,0.338308092465554,0.568342870809923,0.109012863880721,0.489574282121763,0.443573484292194
"GSM2138503","GSM2138503",0.00131279714527499,0.161152486769391,-0.111823374374701,-0.165614664368534,-0.0398909057068402,0.0744363196930263,-0.120926700280738,-0.0169097543471284,0.320325910598234,0.135695835906132,-0.510517607319955,0.141440255951262,-0.0330137590877893,-0.0152292850307974,-0.832605539008614,0.0901688260698065,-0.388399449293408,-0.0856730378890872,-0.382142880275319,0.0240551810573081,0.191012566941852,0.0907207570348964,0.204469524824099,-0.064359246322395,-0.0959420639914991,0.0182185072655547,-0.358362843378133,0.477589274614215,0.451071753321252,0.196048661496333,0.704752494657841,0.475762508887873,0.565236512768948,0.395402537816423,0.275223647852145,0.0515483741130865,0.080607179819665,0.26617437767695,-0.597967582861901,-0.761530238320376,0.28802226606642,0.109426292493506,-0.156621731177452,-0.0805513643014443,-0.331689362358763,-0.0118507381033442,-0.0931419307555487,-0.167441303798677,0.439099777712885,-0.536950188959163,0.148552022193778,-0.0825236508604725,-0.437786176117936,0.210949905357439,0.027011031796279,-0.0873322341885143,-0.0963100204248633,-0.225438401547306,-0.00910766891212842,-0.262085179697287,-0.00966769494496949,-0.515215693250851,0.27520414755508,0.29469556884092,0.106728958558101,0.376643505186359,-0.17518378088673,-0.394623248782847
"GSM2138504","GSM2138504",0.309777842975455,0.477138297993561,0.424284371756955,0.235233622295134,0.309559415442039,0.196453217633616,0.622054031147957,0.267738015608128,0.258776449484218,0.634676541485315,0.0160678950350754,0.0786350521155333,0.200592001166016,0.028643539687254,-0.222235264429426,0.261887241151101,0.930095428459433,0.553973410093106,0.558786466491572,0.261296513977082,-0.0107019943619568,0.648827599877336,0.56058015778791,1.08175320895455,0.816484537417996,0.30826404523851,0.14652468335586,0.246515608818883,0.365613398711401,0.514654863674627,0.123856272383555,0.348674762654368,0.985317509745862,0.76958472441285,-0.248279492600351,0.286384925454726,-1.09577855613564,-0.28933316254602,-1.0585087102865,-0.26285842093749,-0.0244990988937723,-0.438094608753065,-0.104662769305087,-0.70537064925342,0.313110616880689,-0.175563904669179,-0.456328549650369,-0.625601581214145,0.00993431067411817,-1.62045726994095,-1.11612332926265,-0.470690047083815,-0.349312902938541,0.442180336515376,-0.39361795363304,0.436249179982256,-0.359083644811306,-0.251429164690932,-0.304379814606193,-0.109504996517482,-0.0715222760638663,-1.47078244440998,-0.184198657545144,-0.932471599076003,0.338164339777554,-1.30175912871266,-0.702465015174277,-0.48502600583632
"GSM2138505","GSM2138505",-0.141174839145346,-0.437319140364869,-0.506286979855116,-0.178018787756609,-0.18430220157319,-0.189893189738748,-0.232198189031181,-0.128470568364753,0.0214460793549147,-0.237780276717743,0.0143464722038196,-0.603997660939988,-0.263721031332125,-0.171643071401937,-0.647954247115943,-0.117318107337583,-0.269717493693118,0.189625441057164,-0.168049626187561,-0.34560425928592,0.170221210109318,-0.049958081065174,-0.849631110092089,-0.594967196697453,-0.233458488298404,-0.113036984451801,-0.485053385180418,-0.253597886214772,-0.257303515260912,-0.364334456587678,-0.443004428594256,-0.0609495625657667,-1.30026350850512,-0.786024503076728,-0.668858629797354,-0.0248721725543934,-0.536543242558663,-1.23674323316538,-0.0847852436526553,-0.612180272433777,-0.2960673445686,-0.353894648480794,0.170680535509977,-0.336889724465874,-0.357366789289019,-0.553231410574995,0.0766923801125583,-0.409267383603901,-0.180302744237905,-0.279518922622368,-0.299257859055088,-0.123129353224833,-0.0548883781827486,0.189928098154976,-0.126948241847978,-0.0197097818839445,-0.00442793856922999,-0.0161999941044649,0.264997932522897,0.339350280319506,-0.11812326955843,0.141466402998376,-0.557920111835554,0.00275309630737851,-0.211210096640426,-0.169129573659188,-0.275876682924235,-0.556774636450168
"GSM2138506","GSM2138506",-0.135635282333313,-0.174377727545857,-0.422753776504935,-0.42010839445362,-0.736974936011187,-0.232507114206064,-0.391820180933139,-0.269689271698223,-0.32417009789759,0.106404206687656,-0.564028575390617,0.116260131735038,0.136428023650435,0.198728173731687,-0.744436420230999,-0.658500912769843,-0.338232230787899,0.295507180851769,-0.209708486410709,-0.0298401214738126,-0.206531721656501,-0.510608845383557,0.106052618695816,-0.127215289736303,0.0286016781916885,-0.511313269343057,-0.377767855123105,0.00464603084617661,-0.465574694108006,-0.553971306532695,-0.19339391442011,-0.18249373758235,-0.273813089417318,-0.665172443255972,-0.12828014073721,-0.414483283277252,-0.0736872102977937,-0.53443593968264,0.351472958787406,0.951065503063069,0.104269659300092,0.299395714188309,-0.367668845300751,0.500607828745443,-0.290922044481275,-0.315427006452575,0.224224272116974,-0.924019453591196,-0.583857779126173,-0.229734978270769,0.181368938158981,-0.139153198750003,0.0194973306829007,-0.167461585999213,0.298971117037383,0.221323933895434,0.562887976104319,0.386234616490881,-0.125292629022488,-0.132406216929451,0.598039135083212,0.474469463268922,-0.240945369296281,-0.62462493893899,0.902836893213724,-0.307573873863016,-0.25795366266156,-0.482958884893885
"GSM2138507","GSM2138507",-0.203792956904983,-0.204771914808384,-0.276786468957244,-0.27745821540853,-0.0631736163401676,-0.195108106081401,-0.425306116943743,-0.0951275726948621,-0.417781724743175,-0.405374354601988,-0.0997136097247018,0.103989317006853,-0.257621223356413,0.0626135163778268,-0.556227356593501,-0.294991353064802,-0.319399307764023,-0.665746908679039,-0.515746844051816,-0.347824320958673,-0.152648922098293,-0.714558411629718,0.24940679501241,-0.335788843061714,0.0532648688424442,-0.271422705036077,-0.470828258395305,-0.0320942873940661,-0.389680311165691,-0.176244193790986,-0.158570903291799,-0.0664466614483784,-0.0317113613252215,-0.350151106175571,0.1567339880513,-0.244921952382988,0.700618289677625,-0.0226035189844254,0.424963312302252,0.155437955422603,0.0898352101874568,0.133069285809316,0.017060089702545,-0.105408419555101,-0.817478633680423,0.45710576597961,0.0694224322978758,0.340297655741564,0.0708623097282102,0.369009378229456,0.191864295959432,-0.126008899914741,0.411723464461986,0.402407244966508,-0.0816916654488478,-0.0719688756974073,0.828635677132822,0.0951780198523434,0.0615849282748384,-0.421809330930904,0.381771374785485,0.570762357544398,0.545277818294968,-0.125146036527359,-0.257040863442497,0.173614825240166,0.388787081607277,0.087108999205141
"GSM2138508","GSM2138508",-0.113292205139302,0.232410919469907,0.0791704702094402,-0.176329916686802,0.449994114536502,-0.126595490483209,-0.0792645725879693,0.0127972054036156,0.240012177891315,-0.220337520442197,-0.385751785918759,0.330554399458078,0.0240801575341478,0.152736460165653,-0.418181531028911,-0.23382363345727,-0.0990910046983998,-0.041707274870768,-0.266395543861436,-0.116070682521259,-0.285263481140483,-0.172887729488248,0.438202421092155,-0.14570906827167,-0.100867750666502,-0.432427497398466,-0.367895138946163,0.388779457309999,-0.352387478756676,-0.278755032589461,0.0220441490217964,-0.182747236372927,1.1102685607428,0.397975572988976,0.197433675390722,-0.423585979418268,-0.481487786047251,0.299975427310812,-0.218409268995483,-0.414620984810186,-0.0202520004250414,-0.0257516191513101,-0.389598498265454,0.297820667931117,-0.40421082926931,0.28837705159927,0.0587714162465787,-0.0354282905849137,-0.0798438295284207,0.530120054159519,0.289523819068767,0.543723327459046,0.123406655505055,0.65225120733442,-0.199422701242391,-0.0357393553821593,0.0967657366043882,0.171725101036674,-0.348055159705859,0.176644129111244,0.144830813071365,0.383917727581905,0.110093364640626,0.368750761609857,-0.19122280637762,0.145262251528862,0.51834416379941,0.0418451805806902
"GSM2138509","GSM2138509",-0.139186805657769,-0.239093017413697,-0.238601975810413,-0.0949259770470664,-0.52299958930975,-0.305618229083504,-0.428820366128761,-0.117048430389136,-0.578541424268203,-0.370327220024164,-0.240165012172785,-0.27212631220444,-0.310991924443392,-0.186475693367367,-0.528295326185319,-0.240416964527146,-0.1824944083187,-0.592052459935382,-0.177942826905087,-0.375031107292436,-0.184639557847827,-0.448408023921747,-0.0808045857275075,-0.506519641086301,-0.132861537977471,-0.146152332241042,-0.137639192777728,-0.306080801497384,-0.374695426254467,-0.0666755908572595,0.0310414723760154,-0.0302831780324417,-0.840816295683885,-0.063833061684026,0.0859839899132744,-0.317492800483648,0.617340163653319,0.356990144292516,0.378728715282076,0.347345275583718,0.263132033409935,0.116432575338253,0.666233644288305,-0.135372303378588,-0.933749673858497,0.564351182029418,0.0679739053168147,0.465815278445714,0.0933122433877518,0.883161073356134,0.233026963063322,-0.16603351616075,0.266744169903293,0.603219399715523,0.0508704301076379,0.00757798051595801,0.34651591022975,0.112418425904345,-0.171989735571282,-0.429846371939942,0.245130847217722,0.313932370041726,0.124757963419978,0.154352359818645,-0.183228628524196,0.206091472858562,0.267435971680169,0.193438157260304
"GSM2138513","GSM2138513",-0.111826882968425,-0.34103441557385,-0.396108499866517,-0.303292223488686,0.518531752200033,-0.343875196945845,-0.151444641165949,-0.123079767948436,-0.320430827406202,-0.340177819931955,-0.245992501604165,-0.428625556234936,-0.155066065674654,0.0347783056896439,-0.641329444080255,-0.0041424175941084,0.00237512724844609,0.502079716992343,0.0810946636038872,0.162116350979334,-0.334002539388383,-0.260436987340007,-0.314029340719116,-0.153988709799425,-0.139656381330829,-0.171868200777708,-0.258359047301793,-0.0685746617512139,0.168534291738793,-0.21378483529948,-0.137677727452561,0.0522932637013037,-0.0322467751686093,-0.450201546465108,-0.328604118603826,-0.280590780136387,-0.520051073436853,-0.288768475269025,-0.073668887045734,-0.288360707878906,0.522926202866555,-0.259256776226752,0.86347770456441,-0.0443629244026567,-0.494792465072607,-0.0834244348915149,0.0730091432778287,-0.214864013965478,0.355781102125448,0.127762099670263,0.0318385515915677,-0.1049880540706,-0.116695775710442,-0.158119423896351,0.257315562344752,0.268751973440304,0.0565496569485905,0.0795599196690221,-0.482058956443551,0.42251358097165,-0.213861550469563,-0.085442568341976,0.166481190341064,-0.76383037593632,0.606467657662212,0.104427435965716,-0.333643123480605,-0.199476613049905
"GSM2138514","GSM2138514",-0.0205278899030743,-0.0153736393148575,0.234589418547544,0.433085295522531,-0.113882996865661,0.272924641614072,0.439878413224646,0.0604860642595836,-0.0791183124549058,-0.184116420288095,0.369601122052211,-0.0531500322764475,0.211280182068065,-0.320198901157238,0.694875147350636,-0.125491282316897,0.0448206946531668,-0.143906892035639,0.372855979474886,-0.137428857387302,0.131511184796185,0.45947751507812,0.482282461157267,-0.276041505190584,-0.157573456583776,-0.170358002490161,0.295964295962559,-0.00296160696334816,1.43149501235685,0.717569189058362,-0.224318697704372,-0.191779810062675,0.087566102135245,0.349452734920132,0.403014111695391,0.197473765368097,-0.433475471093031,-0.686940749423317,-0.699703673965041,-0.703763715018676,-0.667128838559086,-0.541992458692856,-0.0482150201442742,-0.307298292516865,0.0750237706931285,0.0299046857387174,0.0326085991166248,-0.477375366332136,-0.03865277239278,-0.0577320972244376,-0.485800161621907,-0.100509906764906,-0.216736861293971,-0.20214266331853,-0.0886083869703222,-0.275975287579043,-1.00090226286804,0.00697591022917454,-0.118078412880696,0.141174403057977,-0.357612136845273,0.0179489307507065,0.381122148767717,-0.153436770558045,-0.410795599959843,-0.86803577429466,0.0119441444450251,-0.281962586680348
"GSM2138515","GSM2138515",-0.167735100778675,-0.316127585815662,-0.261257430618196,-0.227023341922696,0.303323446752092,-0.238225687410978,-0.31567540291245,-0.163164168293474,0.59847430936312,-0.126094872021465,-0.373543112018675,-0.278591403195493,-0.089010752024367,0.486136999757723,-0.785266310924299,-0.221471514478813,-0.643175303893419,-0.286328755781346,-0.65382891690042,-0.118171048103718,-0.372145278738227,-0.193490186810453,-0.388583037546717,0.09941065785121,0.137062723522059,-0.3463108150351,0.135457743601076,-0.00288240754557487,-0.546042979873342,-0.207904613890299,-0.252518723876169,-0.250441221035522,-0.129652788116397,0.516506928445303,-0.0432105231759304,-0.461000271176566,0.0304055866602948,0.190799644798765,0.522548205942309,0.772665296222229,-0.131971582395782,0.384211696797488,0.151565052371714,0.367915129851582,0.589274015851715,-0.160543592232596,0.321313832340901,-0.0274069986697857,0.0389632280811712,0.696192129510694,0.351276205202425,-0.299958789435027,-0.0759286964451218,-0.287439236825566,0.215944977925541,-0.125422335190131,0.41844254254555,0.0173682565863569,-0.0171741642762166,-0.191620280548598,0.317433250132103,0.29407139777813,0.127033463433842,-0.446929404466208,0.176250303139446,0.210181197765636,0.252162914705213,-0.260045629490527
"GSM2138516","GSM2138516",0.0778605744997524,0.26250333509806,0.420196605271704,0.336142013553839,0.0540872292371517,-0.0274783030831063,0.370809451844971,0.1594155611424,0.624923459218999,-0.056968108786863,-0.0610194788956704,0.149110128576884,-0.0924823501804496,0.182410001899766,0.477865900505381,0.104326791740292,-0.198207463191817,-0.211682259320163,0.151693155600804,-0.10085189599536,0.123950753335629,0.486626388450317,0.500089381395429,0.259033853496494,0.0187287181847111,0.129254267037032,0.874641273152641,-0.0194255886313181,0.357792353768491,0.300263201427005,-0.534592314420201,-0.433570105711124,-0.0944180723118569,0.744074638008937,0.420186190872505,-0.0406782634041487,-0.189490580429489,-0.0341881726184644,0.0474212838601182,0.13925806234305,-0.419145755694286,-0.115260547696397,-0.177389427620201,-0.00600261753230309,0.581315330292692,-0.0687379826825828,-0.0363902040042956,0.283061100001524,-0.206562582167315,0.448282796711507,-0.277512428190281,-0.0381104267837456,0.153576513592717,-0.921389753764532,-0.172345771563995,-0.304694965340121,-0.6959802855807,-0.205927479789056,0.168429423666899,0.17270449788923,0.223043172297631,0.438298510882637,0.137144212579981,-0.41004824745921,-0.228276869840656,-0.483821813424678,0.0343414293682701,0.0228816967957337
"GSM2138520","GSM2138520",-0.2056628479813,-0.257431425732083,-0.243775697720548,-0.202484770065327,-0.511841262391697,-0.240130688405937,-0.596111822538798,0.0757135487234796,-0.627810323274014,0.0280538036125105,0.196669890593895,-0.0149001012770522,-0.0455573639119506,1.02596017802407,-0.8028712485672,0.0101944734206084,-0.492141431041577,-0.211884413616703,-0.345414410713678,-0.213048215909767,-0.0093894831962504,0.0567383681856505,-0.493866483038936,-0.130414565633496,-0.215611732483367,-0.378333716670124,0.0603485177802941,-0.0129156007580428,-0.0924657810810699,0.0950971663383299,0.230725043927216,-0.0659906561783606,-0.351538882826862,-0.1665137695889,-0.199303805680674,-0.415460083343642,0.070227847746561,-0.0930942029863724,0.468050818983521,0.199575551847519,0.125625379362853,0.205887867694495,-0.151181235427913,0.242855630092902,-0.573172128098924,0.0469592619746571,0.231720102829958,-0.221753011057859,-0.238338411178052,-0.47751807469406,0.128384212918546,-0.289266149450481,-0.163390680193234,0.148256156712214,0.0541388046122984,-0.0623671143185376,-0.416415656449535,0.00250997072685636,-0.287345546488998,-0.221518913009877,0.313778969365686,-0.146715178867135,-0.350350450428741,-0.181267154575265,0.228743448124037,0.179265731589776,0.469998503507954,-0.532685108623213
"GSM2138521","GSM2138521",-0.0979752708070228,-0.234605085631462,-0.0164070077493337,0.0024511519452354,-0.387077392907226,-0.210236116424899,-0.0929862401280714,-0.0102287326677661,0.452228472675957,-0.331975939972936,-0.211512858426088,-0.168940683692954,0.00859539700435641,-0.0421148002845407,0.134544824602681,-0.0766127162773545,0.0230807254712349,-0.248616383915758,0.759263707485955,-0.280452088531246,-0.19610768636266,-0.509256896047711,-0.0997866865156782,-0.341625736476056,-0.439698547379129,-0.143039331166489,-0.0515627048017913,-0.317214846660594,-0.251051266150625,-0.145403073288805,-0.689837813709221,-0.249104790643268,-0.426715474165999,0.197782424824905,0.520080922142152,-0.288631927334945,0.444747846259216,0.259955401785896,0.365355446558328,0.401886388667854,-0.106132225558632,-0.264480503600636,-0.604941034135872,0.0240962583370119,0.994495098904355,-0.036522543725654,-0.0436852759643147,0.551127339028454,-0.42012921695386,0.56747008926426,0.373472808381825,-0.183861206852299,0.303574850632712,0.22313889427256,0.27682259140218,-0.0146063079585926,0.0244503070999475,0.292911325624344,-0.024917835143811,-0.0573498931306116,0.624075470650806,0.343040625422577,-0.470408993897644,0.349810806158188,0.125742699783385,0.117898713521523,0.102124780992284,-0.257316710599318
"GSM2138524","GSM2138524",0.17286299842827,-0.064705563459638,0.175785428528591,0.310412757617703,0.539134216567028,-0.0409061775254849,0.651612481938279,0.0944768305918836,0.293010398275913,-0.119374298452256,0.316406777401433,-0.182961183403197,-0.0750868286588838,-0.193608203243106,-0.00616775630882599,0.329635506144885,0.426028340010606,-0.139012515745471,0.319845037326868,0.282548758574296,0.391121038369044,1.10174452286143,0.224656940633279,-0.0433916056028615,-0.0853221764905513,0.0800322116756611,0.580248753894505,-0.251435132457641,-0.100256410337121,0.0501991101122072,-0.350573127099965,0.0384012626107579,0.0332115614323948,0.218141936033518,0.398150309638363,-0.0904323580968236,-0.383098426417346,-0.205448775185675,-0.0245728456723627,-0.765420790968951,-0.0586533166609451,-0.193145321492333,0.15244862063234,-0.171357660423082,1.44814373511561,-0.583349498170774,0.0293389834583452,0.475507421245806,-0.040098789548471,0.0659503083424587,-0.359393786718932,0.38169120297557,0.311924949531195,-0.156103153783632,-0.118353334364854,-0.182814704762049,-0.667547043021113,-0.299434265327059,-0.31658881027668,0.148510213184813,-0.743963706742809,-0.35988743186792,-0.029911418709544,0.425345604260764,-0.214097949408615,-0.306614802125883,0.0111641123459206,-0.293329002827761
"GSM2138525","GSM2138525",0.145875617278943,0.0576211525951698,0.191421574440903,0.473611407595776,-0.34536890187003,-0.109650750210378,0.138144087807175,0.235361672704137,1.14465305554699,-0.175827139603873,0.428421120031751,-0.0544927987864804,0.094608962071371,-0.308297702867783,0.135137661575109,0.309268608354597,0.503907763507827,0.0972712216428602,0.696003689507692,0.225557353087404,0.398551783385215,-0.217388126434442,0.299781485398049,0.0158768333099924,0.130717915294685,0.00679051853563268,1.06393582806724,-0.187249105262839,-0.155415810507274,0.0653674599985367,-0.255081826058259,-0.0595085831925674,-0.377101612810422,0.824826802617319,0.589647154900962,-0.0308352867360597,-0.971464181200392,-0.545526305257338,-0.00319994988363151,-0.929754973809514,-0.168522065678698,-0.44250454613769,-0.893757462928861,-0.610407422490797,0.210775076538399,-0.706764912049427,-0.628810521525872,-0.0228997663428196,-0.910960739651238,-0.299068968298218,-1.07217361615977,-0.656954945422192,-0.777900536989512,-0.527739647506265,-0.619526484390734,-0.14895280170782,-0.866272168541922,-0.584841054431125,0.0805866111604714,0.0560478423368347,-1.15505006840902,-0.84464177903485,-0.28907237948705,0.497501815958186,-0.633691751885796,-1.14309675428842,-0.704359505666549,-0.519507160166431
"GSM2138526","GSM2138526",0.0864358659272115,0.208884838201453,0.169262054277683,0.402288160783507,-0.466279315581999,-0.204696105207075,0.141823934624551,0.0528272616411601,0.785584648705267,-0.162548660860449,-0.0809762625990988,0.319143634417083,0.0306779088769079,-0.269808965679413,0.234827072501831,0.341781713537842,0.658879650353164,-0.0156540781921017,1.24792443038015,0.145634503278549,0.372752598627634,-0.510969502921616,0.392356227316823,0.378476725020242,0.0521408797110686,-0.052933499736346,1.05225311248944,-0.482356547112137,0.102857418499452,0.178242884801658,-0.212080043270724,-0.0162348240602256,-0.0774201649290453,0.193862970267315,0.24306027546431,-0.138190531008946,-0.883315248968167,-0.386729976622504,0.323475456427254,-0.90057759934684,-0.444875425648871,-0.350090686479228,-0.781306691749356,-0.458016499002839,-0.0740524129392395,-0.392591444383489,-0.545653543974238,0.0697871098715227,-0.801735645842127,-0.461942250484639,-0.873015382046099,-0.893733077576472,-0.572792138536471,-0.407838472741975,-0.618365106657858,-0.163185782718422,-0.180941858703782,-0.378143532199416,0.0937329671090557,-0.149726992456212,-1.16871364790489,-0.988802799151915,-0.172873766651757,0.0532076167903852,-0.190378416383946,-0.860634854244736,0.00475318324949898,-0.359859796683653
"GSM2138528","GSM2138528",-0.299145429072464,-0.248226540633149,-0.223410423212877,-0.381711827577167,-0.831461869294848,-0.386250216596025,-0.479465989388127,-0.123201608562914,-0.405854301861182,-0.130068439225704,0.328119941875819,-0.170722055041876,-0.236662071075048,-0.667789868810421,-0.550182023615322,-0.112392477378122,-1.25418987321033,-0.191271053469966,-0.350607998197413,-0.213104133309986,-0.532870977232748,-0.200802522624299,-0.208726430995272,-0.169508264702877,-0.200017804020914,-0.272303899549489,0.080143190319021,-0.0772834626833986,-0.0869475751723367,0.0991518087513409,-0.729033933793563,-0.241300306010394,-0.646596371511459,-0.193669943636343,-0.428802685651845,-0.38639024718378,-0.232670337075045,0.0525831762615066,0.05269110836546,0.190322974042019,0.204632187390603,-0.175594140288572,-0.0530303696902735,-0.141991474187814,-0.734345590035383,-0.0425170124037862,0.259934958696502,0.245130094978034,0.200241543468834,0.826477740447773,0.097085884485845,-0.44231785560529,-0.223489464186223,-1.01712157055465,0.0637409317808519,-0.0330627121587001,0.974130459657985,-0.079286653832081,-0.993521702883108,0.329614616259224,-0.172841952069056,0.0306987176463288,0.107752876128975,0.295959109709468,0.248263520720311,0.190817736000191,0.42992452620029,-0.201671603719177
