"","creb_family_tfs","creb_binding_cofactors","creb_activity_markers","ap1_family_tfs","ATF1","ATF2","ATF4","ATF6B","AXL","CREB1","CREB3","CREB3L1","CREB3L2","CREB3L3","CREB3L4","CREB5","CREBBP","CREBL2","CREBRF","CREBZF","CREM","CRTC1","CRTC2","CRTC3","EID1","EP300","FOS","FOSB","FOSL1","FOSL2","JUN","JUNB","JUND","MITF","MKI67","NGFR","NR4A1","NR4A2","NR4A3","PCK1","PPARGC1A","RPS6KA3","RPS6KA4","RPS6KA5","RPS6KB1","SOX10"
"ACH000008",-0.0301620037518156,-0.379400190363054,-0.397840240856576,-0.347972531243714,0.668579832277493,0.329302585788218,0.0262094151305505,0.183576360962173,0.661555284392109,-0.446059748548692,0.820716841669838,-0.152564130351754,0.682411718919557,0.441806073838594,-0.261692673465943,-0.441593589725589,-1.32038995480998,-0.330158650538906,-1.31428482551388,-0.274504754898076,-0.384174511820818,-0.895361016437365,0.648536151312297,-1.39850786857678,-0.373516471408481,0.279830483685071,-1.17891668222743,-0.310124960881825,0.0772346911993287,-0.148554271240242,-0.205081265155622,0.488854251563093,-1.1592194819633,-0.620667531116137,0.529086984373371,1.59175490367145,0.02622911531682,-0.316171739065761,-0.672528776412218,-0.628889563265145,0.403607343693862,1.62080382762707,-0.564379255128312,-1.40012372846125,-0.827223060043257,0.19783196299316
"ACH000014",0.31478865797524,-0.282414395001043,0.328635567652221,-0.250660593489861,0.744714313916225,0.790703789869436,-0.647578989347068,1.05943070384286,0.866752528202778,-0.777597775532175,1.076381902753,0.53954343626217,0.65868893632954,2.21109351614564,0.501664294205283,-0.776338293989414,-0.486540967710213,-0.352108619833676,0.420641471159684,-0.341720137676399,-0.385688678476512,-0.271285377584057,0.961170367831028,-1.22819776634133,-0.594165766711138,-0.424753508069349,-1.09405976694012,-0.597048656163523,-0.661018040451903,0.0806918427562587,-0.30496944878706,0.385725345342827,0.436054569814492,-0.384639568626477,-0.423208597783006,2.0637388609997,0.934809408661847,1.00581212557198,-0.742274331976964,0.116195068352019,0.0668722535777565,0.105719376394022,-0.71369868406984,-1.52326932006819,-0.946622932579531,0.411850829244842
"ACH000219",0.0402892166701338,0.0319206209357701,0.0811633034419955,-0.233665664579593,1.50414095933676,-1.79585381672871,-0.0647724897944622,-1.67685543148775,0.883224512064823,-0.63778931453526,0.168909123619366,-0.464662984950376,-1.44680368166224,4.0484744094968,1.51409059705853,-1.03148177489353,0.546746915021726,-0.459108480172554,0.328200375344382,0.601086375144898,0.0167643842761532,1.08646879263556,1.50567897971977,-1.08508312349417,0.947958933034415,-1.37945733975978,-0.616958288582726,0.0219524623881973,0.356211541591499,-0.829761731008734,-0.68696137360318,0.186671878327887,-0.0668141411700953,-1.15773883882767,1.21329327555553,0.0975474958158752,0.87735473367961,0.195152253243809,-0.882594148383393,0.134740375227956,-1.39886881060713,0.880245430279832,-0.77486630972483,-0.51306317597844,0.817656264863721,0.29877497897856
"ACH000304",0.162882262223356,-0.16337095429473,0.106289577928777,0.55500565234472,-2.04053937614495,1.09807566138691,-0.950245751110408,0.732890399641428,0.583968160234359,2.56506953636375,0.676294339013199,-0.530560135788037,1.4453437174424,0.631382598638705,-0.199102189773912,-0.660762733736696,0.666093165050282,0.188586667543091,0.502521788473915,0.706498053937233,-1.72221864253629,-0.581460646425676,-0.681792639612943,-0.52495336432276,1.48162130507811,-0.177677968397114,0.941305820557683,0.90002051551164,1.22630314698204,-0.71680226196412,1.26427269731922,0.275809464104924,-0.00586981609834456,-1.42977198403943,-0.945676452845277,0.722864118601639,0.318750357323673,1.76075351305607,-1.02545599539949,-0.628889563265145,-1.32542653143301,0.437479172516713,-1.38684288708888,-0.818818189861623,1.00041628286232,0.403773921719542
"ACH000322",-0.240595647614687,0.307390697657371,-0.234583345779788,0.351075424240056,0.918151955115222,-0.494080558738443,0.472393356253992,-0.0104116743347972,1.00958692775347,-0.0215106539162849,-0.641600184928038,-0.339001621195856,0.147554700383407,-0.662719538798065,-0.210362254329947,-0.110710420958999,2.28550152067599,-0.605559547305828,-0.392540808775839,-0.79817394923511,-0.860363513455712,-0.428836441577789,0.453793118044877,-0.523049189118281,0.951680110136597,0.111398714901331,0.227554781230784,0.159820838604781,0.866947051584179,0.0563333447520356,0.537890274728275,0.131721595459992,0.477260083320348,-0.0228521999647266,0.14520455095079,1.2308438853927,0.0225068557432781,0.213534005133667,-0.545484680730952,-0.628889563265145,-0.69875294946113,0.357381055191375,0.291260135551863,0.194441933080554,0.605885528307278,0.197476785730023
"ACH000348",0.577307974577263,-0.0533035761843883,-1.3140766956285,0.829443452838815,0.591749124622258,1.0379557877563,0.456811490442502,0.309411414533092,1.1732405221278,2.20012278802729,0.114233983759916,3.23560558228812,-0.596917291483747,1.75478479595326,0.714829440806239,-0.855042016302195,-0.485397865042969,-1.75504051918569,1.00030272924024,1.04106467951675,-0.590252371315393,0.821921928963663,-0.457872676110961,-0.0619297905798544,1.56780921384479,-0.638184302061157,-0.461320511827473,-0.222804289580116,0.522089226289086,1.87081000483436,1.10694477690872,1.40109395886948,1.58929100437765,-2.17939386291416,-0.875288005159536,-1.06222904145213,-2.19069149757112,-1.35963198512006,-1.07709373655767,-0.628889563265145,-1.11947154230423,-1.02281780227615,0.0280448781170398,-1.94882322504873,-0.868096290935226,-2.75019930514655
"ACH000401",-0.00475504233509194,0.520924765095105,-0.108348679723985,-0.402015726402414,0.0552629184792221,-0.288000826974122,0.88322414243995,0.987514546060992,0.448086441911782,-0.558306946403879,0.114173673307454,-0.433037069715355,0.037649912411975,-0.269323588709844,1.57466510830492,0.347634003333924,-0.4316648241385,-0.537719644186335,-0.576958029490018,-0.542184246696312,-0.865919587188951,0.685679981672253,2.05257243163865,0.572649966916837,1.46117444960527,-0.957367391105642,-0.547613015738982,-0.500565506289978,0.302889461867022,-0.989858168261683,0.259268509202065,-0.769291426074443,-0.568939939520898,0.420104469340995,0.998357340308151,1.19181864422466,0.0986417180442074,0.650920455980742,-0.554067329655743,-0.628889563265145,0.26342874107687,-0.403582827875885,0.220982382057805,-1.4983420888388,-1.39687809561977,0.538543782962356
"ACH000404",-0.150094730716881,0.250437620576339,-0.115282810806301,-0.641758583296522,1.05855930430545,-0.188836609085585,-0.0500157944139065,-0.195016984323055,-1.36063845143959,-1.30717112325314,0.188229032794498,-0.508918206274656,-0.212190129824599,-0.662719538798065,-0.876855658247585,0.467788107225054,-0.482917524137805,-0.40603052966485,-0.546124029836197,0.245149465505529,0.7427317331379,0.858140111389314,0.684681067151185,0.125548152690887,-0.238542394086616,-0.298195851664999,-0.568733320832244,-0.835900342376803,-0.393513712348882,-0.050819895656046,-1.16683825543569,-0.511506106872337,-0.964998449553655,0.656165831787572,-0.593173067347294,-0.907361249038386,0.220991898113358,-1.15299810202521,0.77656038774037,-0.305685427053722,1.10434978269241,-0.793679544558247,0.639920857298411,-0.0273078320702294,-0.701999586333203,0.125688203819306
"ACH000423",-0.160712010818372,0.133674928437271,0.363211343851305,-0.492015304909212,0.300711899054807,-0.569158609462431,-0.361989361702289,-2.05343919777625,-1.1354318990774,0.0239864462462991,-0.835296098470012,-0.681392430148281,-0.411860934845096,-0.276878201181238,-1.42876706731569,0.892565974464816,-0.216858899553093,-0.084111991556085,1.18990199848143,0.629476189291213,1.25557122264322,-0.35466755245878,0.185693773955768,1.84515391420744,-0.345764636910032,-1.15494721443399,-0.714778934605484,-1.25859681721803,-0.548853415473455,-0.1848415416873,-0.0911287097974334,-0.950673651387871,0.304765935805086,1.00807445095231,-0.538915441010359,-0.384558451319776,0.160449787232978,0.563149311279548,1.35813584015784,-0.628889563265145,0.977115114253586,-2.79891633631192,0.588436961668115,-0.0299829731931303,-0.220650815524719,0.40819586903911
"ACH000425",-0.124962530458045,-0.69354582656888,0.63210136744797,0.329563854657059,0.167445779685137,0.731710928812068,-0.0288955373644905,-0.96666906829345,-0.38031799574588,-1.03672757372568,-0.158002668479853,-0.444942156786867,-0.473589526055972,0.551236424052512,0.250168418367989,1.75151284995557,-2.30369430181743,-0.710676815047685,-0.75366977891469,-0.431868606582808,-0.321470626492458,-0.762715635550223,-0.0203088012965458,-0.714358149871216,0.624467111101061,-1.32443451665112,1.26610000812165,1.39783101584924,-0.419984747536238,-0.809372023359929,0.377416903599748,0.4231311723656,0.0718246535593388,-0.0287882035669844,-0.92148958067095,-1.07144185926616,0.545623282960465,1.46551158879486,-0.543834751293775,1.06110534933033,-0.353776491896687,1.40177934834101,-0.19074204709033,-1.0534497990093,-0.375677682479088,0.338872654597576
"ACH000441",-0.0889903851926953,-0.00805179112557568,1.46569755556381,1.49061930872616,-0.839135450411945,-1.49747120733587,2.04034982230788,0.790379840381672,-1.20098197845949,0.48726396473508,-0.175152969165473,-0.612868886667265,-1.68505749763942,-0.167303524071994,0.165488481408757,-0.76829964707841,0.15683796398616,-0.591187649814032,1.6058982304239,-1.28002228951919,1.19226300455588,0.345607753858501,0.383901495458857,-0.624234436762149,-1.3382164761984,0.323663474035813,2.0613444508304,2.57936231214826,0.563190385394154,0.367932002487664,1.66869879013205,1.20184554087115,1.99196167921947,0.741253077804503,-0.219390259134071,-0.497842317386176,2.03509661922698,2.13313195052511,1.66320288519703,0.0313587673061351,0.696077687742188,1.46396079797659,0.204769299602054,0.993283713374855,-0.200119288304534,0.263213747582361
"ACH000465",-0.0421252732994822,0.166976573447318,-0.432537127872486,-0.750914221181768,-1.25391315245937,0.18878791747417,0.150476218454467,-0.244223184060382,-1.31945345610551,-0.327071226755478,-0.846171294854782,-0.566678460166606,-0.601916261194014,-0.662719538798065,-1.10893047180483,-0.461121702446104,-0.0681976982761639,3.71896722643048,0.783575173649147,0.75531519115833,-0.156255534119196,-0.784294472455964,-0.719114243705972,0.281895281724843,0.578863351727462,0.802097705506673,0.141065308490023,-0.661768566341831,-0.955043458620243,-0.841876947376415,-1.94902557409008,-0.597998104495326,-0.391752205838501,0.865361946265223,0.946764288489017,-1.34058149899862,-0.537953729979709,-1.29563650615534,0.0223754233745598,0.0810663012705433,1.07758608961035,1.03757377709023,1.16341074416415,0.326040674643636,1.84339154948151,0.302542510851413
"ACH000477",0.0358123365976171,0.331540925517378,0.476723581773204,0.192888950093043,0.677568330954474,0.29981291212074,-0.834666232592319,-0.141154095612762,0.489941407187096,0.154679497212952,-0.265931178113461,-0.581290540428686,2.01565785067779,-0.662719538798065,0.795999143471299,2.08889737673241,2.1627645570292,0.975764740926981,-1.34547733497747,-2.23657405532999,-0.403381827279636,0.535017427200682,-0.616949903851855,0.704189693140366,-0.925285812527601,0.244588806594092,0.729952550656816,0.488105225282756,-1.04263086210334,0.952734277207517,-0.533249878168449,-0.118073090169291,0.873384427945289,0.882099876279743,0.364912630560066,0.760031078095023,1.0102675972934,-0.053460603190631,1.28129911347511,-0.331211780485064,0.216461711036763,-0.104107568924787,-0.838330767985803,1.22702155562791,-0.913081882430475,0.355771712961192
"ACH000550",-0.414884439463984,0.115690233974556,-1.1927317194931,0.935678935196875,-1.75249809419994,-0.488250591510643,-0.980305142617187,-0.508012573281532,1.17684726012892,-0.314184943319818,-0.177279508679693,2.96575882037333,-1.19179839456325,-0.128678053727619,-1.2394000371113,-2.36626057434091,1.23355084097286,-0.524475216652739,1.16725762400138,0.209848196622588,-0.894988102952433,0.0106051797745395,-0.842442320662684,-0.133502717631404,-0.448786045836257,1.15337949407942,0.0164435947571719,0.249474311521456,0.768894637662758,1.44688945393109,0.741171651417037,1.94857123381708,1.37830766327153,-1.50292372102095,0.958838468030394,-0.865521385647959,-2.35012634357724,-1.5415257033924,-0.961929806730425,0.0826549757276631,-0.162972792874582,-1.18809472805883,1.21125554317867,-0.179304319757733,0.453341986595389,-2.83713457989248
"ACH000572",-0.185220526436835,0.290135157686502,0.440419525349644,-1.13905896998095,0.906618811749794,-0.458257551864836,-1.30594593753407,-1.47990660195049,-0.964977691908855,-0.496324895789132,-1.28748178241718,-0.725204362322032,-0.128710150857067,-0.134177109182875,0.683961598707935,1.94930673849115,-0.100270059546787,-0.147718970726638,-0.0602801947425527,-1.84758922345124,1.75340173533671,-2.37771582638153,0.939104240836541,1.36169505900664,0.470254467659753,0.474385843611575,-0.405486501828146,-1.25611577274318,-1.76549819806522,0.899404853374818,-2.21077583317176,-1.00154556279696,-2.23339577463617,1.12717329470811,0.195904312982998,-0.9263496726281,0.751938629226326,-0.708513320393884,2.34714235583128,-0.628889563265145,1.26349237861932,0.258318512659696,1.08583315760546,0.480024294902975,0.637353211280542,0.124387936709667
"ACH000579",-0.202827895832515,0.058843472316139,0.217681992466691,0.633894024228628,0.325425539146308,-0.115466150559988,-0.0619834632936899,0.490226283058996,-1.23602852205574,-0.467490982199706,-0.0234091719702926,-0.547848935873721,-0.73321672809282,-0.662719538798065,0.0890031876554381,-0.816593770086953,-1.06639535995751,-1.28679844630865,-1.69896095695138,2.11826067025438,0.349154026532414,1.58266522306636,-0.52060158402767,0.392076904500218,1.41776884550776,-1.27475918464279,1.93285135263131,2.01431515487445,-0.862427086402092,-0.73832995560179,1.29614315925058,0.276613808221414,0.518091736626527,0.95110916400766,-2.22125546276867,-0.162248124903574,0.908621797887986,-0.0607962397142219,0.651791974958144,-0.628889563265145,-0.118850538233395,-0.490552523831561,1.28831898794596,1.57197707161496,-0.757926027929425,0.274870468255181
"ACH000580",-0.294260675711981,-0.0510756541611868,0.0213557886367116,0.961553335107969,0.798177453532451,0.143442311987971,0.619402424966453,-0.914193967111643,-0.45951111487954,-1.1129468586467,-1.69838033635832,-0.467807459351028,-0.285656687486281,-0.662719538798065,-1.32992288600829,0.267093816143924,0.0194728604164838,0.808532726728637,-0.50468798342253,-0.015489355002058,-0.0587537968542384,-0.18447217241281,-0.248739915423107,-0.313032959748752,0.0108529731110163,1.19622170282248,1.18293666703728,0.607725980276734,1.09266532055101,-0.349338186280884,1.34485902198427,2.42534918730252,0.426675354884854,0.517871781621597,1.02826103695897,-0.152690513483338,-0.00953454625901764,0.708754147380846,0.0150931166901632,-0.628889563265145,-0.837832067893619,1.09020007632065,0.329628378210757,0.968228305278842,0.541998169631651,0.423213860547158
"ACH000614",0.527077239178548,-0.134776590335601,0.45435284334563,0.149474259104606,0.518598729587929,1.15262882659973,2.86309867266364,1.61745308687362,-1.00676019150327,0.941463568936611,-0.855353726280126,-0.365801542878914,-0.93536258777116,-0.261428484615385,-0.566080643590554,-0.694940342239395,0.416537374506181,0.977296998006352,1.69732330034823,1.53545122579798,0.281811506239659,-0.112020260490283,-1.22112836206116,-1.01656038989239,-1.51076753212349,2.22149474165875,0.713038463018437,0.698274752795711,1.10923038246591,-0.0178114795957364,0.159110831620234,-0.691015826546752,-0.924507310025562,0.956251121484381,-1.01648804765462,-1.08884771714886,0.532824944915369,1.11712713806082,0.0406996156184768,0.126759674787854,0.279008296053182,0.937179098637967,0.941568869105547,1.1753792457306,-1.17402433008178,0.493832552358248
"ACH000615",-0.0160715761301145,0.427145854714458,0.383992570062737,0.0330506497416501,-0.957259959202044,0.535962490504431,-0.599253157615145,-0.138295251501927,-0.960756900148109,-0.360418427415069,1.79099760413323,-0.254722180105865,0.104755419678956,0.323318383540901,0.0373010159937016,-0.258430522390234,0.206416202141741,-0.0179576128658456,1.63081620716945,-1.46211108769977,-0.615776564176487,1.86525249252745,-0.424148034433117,1.8438948258414,-0.694058339605418,1.87874931688321,0.351029470743308,0.743146327866461,-0.542949679130417,-0.168016860674951,0.225661168323558,-0.311218712998479,-0.0662971659379291,0.974888728276154,0.755658142250654,0.0776778223824481,0.224378663930316,-1.09519083190314,0.921496016895032,1.48528643132874,-1.68608548035406,-0.208175955397409,-1.85930040532946,1.71733126391231,-1.25797250601379,0.451239892886062
"ACH000640",0.223140585536644,-0.79097016705379,-0.320010583036756,-0.28256990099479,-1.28429040693894,-0.29610303257196,-0.398528980761192,1.14678286654094,0.658560914624743,-0.518603253826562,1.44889719496914,-0.049586570614459,1.57198096355643,0.918891659037983,-1.61503888114784,0.606322497706278,-0.246904054536497,1.84669572592748,0.560149545438409,-0.0714573285486782,-0.519003215717366,-2.11668934919656,-2.09926924510785,-0.704623462444177,1.15512106252311,-1.01061060564356,-0.684171417373898,-0.498350884655603,0.693298009282714,-0.2597161963698,-0.143701225236149,-0.536448627164855,-0.548898965445936,-0.630481826672463,-0.189333646936011,1.04430064652196,-0.076728995839395,0.0237291504233175,-0.88197653620852,-0.345065950522427,-0.513815514970995,1.11615206604096,-0.371724154500949,-1.09699151915927,-0.963701203175768,0.343128962699723
"ACH000644",0.0903297290868348,0.393369329974803,0.526123237663471,-0.0726915622366417,-0.222153236601974,-0.588154179872761,0.114709992462659,1.53137966588428,0.789445564229878,-1.21515785787956,2.63626430130637,-0.491972424988309,1.32324451796998,-0.289683060901628,-0.95673317844993,-0.160369455673039,1.02509892145414,-0.0611403226902352,-0.424639461977768,-0.373901310333621,0.533251948048059,1.1602645519847,0.206574045782957,0.438924302836313,-1.04402711663835,0.992804845281451,0.366065216039743,0.57269994117413,0.0767418329000077,-1.43877427068559,-0.480399406388659,0.537112710584598,-0.142286959280722,0.438555785045473,-1.45966803318074,0.194306602541802,-0.623594545446553,1.76623439995598,-0.0698858145640234,1.03173891070848,-0.0260542408775916,0.603922209618813,-0.44136883047749,0.00425377830992207,-1.06199990252551,0.539939050533532
"ACH000650",-0.357795071749836,0.641585355216413,0.560919838312758,-1.00616830877426,-0.435997031227197,-0.836637322061155,-0.768994693789839,-1.51568655672881,-1.36040353482427,0.176963168396967,-1.53228616876733,-0.836010578299059,0.549283646352403,-0.292533843336999,-0.350822052554241,-1.07201431245626,0.392147111090112,0.23036885648758,-0.249920027994974,-0.0509089431679487,1.61826978289932,1.19526895696082,-0.308891844372587,2.49067022382491,-0.0666411817097358,-0.041068443400721,-0.15612617976182,-0.662779797913862,-1.30239529687824,1.66846853321943,-2.13024062021592,-1.35098504213886,-3.10911975773058,1.22028794658886,-3.45797968540364,-1.29867935069269,0.401424194985516,0.391791823363081,2.07935289816758,-0.628889563265145,0.82961266412209,-0.970374467754193,-0.025930287283402,0.057116011161399,-1.05828748429082,0.195254572139146
"ACH000730",-0.0958322649621545,0.17195875331949,0.628610069385253,-0.512348710586346,-0.481560980613331,-0.90940155161194,0.328407846481836,-1.32436299269443,-1.19550630478411,-0.803336493135166,-0.857843272680331,-0.510626693006849,-0.883942932988573,-0.250886551216775,0.581737771531319,1.26328376451584,-0.39945888987417,0.00192146205015083,0.726117945527317,-0.662272484201085,2.3452811876097,-0.685594650940218,0.89364577111758,0.308272851643654,-0.412280914801371,0.671922482852118,0.256114171294839,-0.250406288449943,-1.96654437716354,-0.179338461440547,-0.304396484153032,-0.855516686599185,-0.286352847593015,1.08734755976384,0.559666354802988,-1.09638608646637,0.906237430797227,0.0632280528510672,1.8800260797089,-0.335051285816182,0.827204623238838,-0.79351322619083,0.0203550276368666,-0.802430589561488,2.37007458517067,0.245398129785852
"ACH000750",0.540887569302041,-0.747847215279807,-0.824694363343214,1.20188366137779,2.50246250618162,2.81275396191424,1.66289492423944,0.982177194467738,1.40533247905581,0.893037237274628,-0.397781063350256,0.182243309589815,-2.46162721563096,-0.259967781794979,0.665368518996342,0.372464332941294,0.873765486150864,-0.696834490267211,0.398286593675532,1.05617764196163,0.401657869331736,-0.839915458034394,-0.134115255165532,-0.683194424339768,-0.50241395593798,-2.14156762343958,0.242454402876172,0.614679138263677,1.79242537092025,1.82052311662781,1.60350671433681,1.31415680375627,1.02544008286356,-2.38298833924458,0.797007425008402,-1.66953001919064,-1.78421096062107,-1.12853205110898,-0.0445037983426872,-0.341530643300118,-1.80748927619226,-1.40347412306373,2.51167854820021,-1.19247321960072,0.284788495710626,-2.96685444257789
"ACH000788",0.109428462689685,-0.367046689222172,-0.55790184769468,-0.681619167561167,0.253845975597364,-0.266629351160281,0.196685683762737,1.43938964353869,1.03337344022243,0.179759056715151,-0.270052141523249,-0.580976278009743,0.380318939712171,-0.301026447242423,0.666019264716479,0.0169732688407173,-0.647102725306013,-0.856460907158551,-1.73840163279485,0.555926265594923,1.96605559975614,-0.862659133813056,0.747651972596497,-0.974489428402113,0.611570039704793,-1.34998980606529,-2.00080962033083,-1.78138930920319,0.570088050473639,-0.191298057415526,-0.512250885167062,-0.362778304683392,-0.492896046601811,-0.636428464091721,1.00287423604739,-0.203995865671616,-0.616888439371467,-0.844979382334958,-0.822249350032024,0.0525097809597272,-0.0943077432700201,-0.656715214497423,-0.227714741820782,-0.462734167387223,1.58580080015417,0.137790903709517
"ACH000799",0.0832442552859219,0.727640699942792,-0.557037048593659,-0.301708997992728,-0.1999237911636,-2.06795336856196,-0.588118509235969,-0.469515427608361,1.36977368142287,-0.625685422349188,0.139533743702997,0.00153814258016759,0.00973367434550092,0.737947916749479,2.64752312010689,1.27609797586427,1.46665293882668,-0.0427858478524561,1.02894537726606,-0.232046278494596,-0.366627476060405,0.928504211197219,1.81775135792498,-0.346661226722662,0.707396050614364,0.883266405089333,-1.25308541444559,-1.14532114971565,0.674071989895479,-0.9155921026263,-0.0600264970102085,-0.351452685502838,0.939442873456009,-1.68366718224931,0.796913309124174,1.19607130670241,-0.0407705842909781,-0.634610370277546,-0.923877676540966,-0.628889563265145,-0.363424837330373,-1.56821062111267,-1.18729373908067,0.144289697153241,0.412469464636307,0.244870136360133
"ACH000805",-0.200252743789799,-0.121169738890382,-0.151185806154453,-0.402837754298352,-0.468113318763279,0.170051621657381,1.49961105673413,-0.565888455038706,-1.08712790852933,-0.0785612730320816,0.12222867646716,-0.608160503949008,0.217168572086167,-0.278470405292992,-0.126252681481376,-0.284626523050546,-0.136642134230831,0.372823157251391,-1.67038701919368,-0.210479304196956,-1.09473475704459,-0.432606127715645,1.25151945861619,-0.947911664765619,-1.66977567060545,0.270327419270944,0.63523851374489,0.107972093407135,-1.74180841976883,-1.56449220661247,-0.837059428845078,0.407223200666675,0.173061967319216,0.36035629890266,1.04113659298757,-0.399578395562773,0.914006018136076,-1.53635330849137,-0.477115282970941,0.494719348708425,0.816900547197738,1.03552203354589,-0.315004140020543,1.06381183549885,-0.500308656841191,0.309511407440174
"ACH000812",-0.250517765506838,0.0189628034887826,-0.151951892719649,-0.407823492466952,-1.73745748495874,2.07570580219156,-1.53371190301386,-0.980479838305961,-1.29738581103554,2.16314182688257,-0.776942043987956,-0.475847879424449,0.0403317360272632,-0.662719538798065,-1.26149423960144,-0.315296306217271,-0.700044594617672,0.371667996212013,-0.697865835592668,0.40340908094495,-0.370207854960515,0.654960882659283,-1.50660636051089,1.13383772272426,-0.125961022175963,-0.41726425724082,-0.940771131857795,-0.517803615615224,0.134429821844861,-0.658330773740749,0.506427329930893,-1.49316148241914,0.114445404588489,0.60681611416993,-0.274475879575675,0.221749098237489,-0.788491055770464,0.154425531280686,-0.658709536099289,0.684967489710469,1.09381725358328,-0.549467909379888,1.11631351364599,-0.198099493576318,-0.157837868437367,0.262759340666612
"ACH000814",-0.0920597366979448,-0.38512114388405,-0.225982799748616,0.421599654628091,0.29116525806621,-0.274778606904568,-1.51917990508083,0.6678941881012,0.624508834915234,-0.228504111261186,1.13328361648368,1.57980022333412,0.386486484698197,-0.121679516922146,-0.920211825249725,0.247090350612145,0.517551924437309,0.0507038100422672,-1.01403564998518,-0.464273134908746,-1.19465723149461,-0.316385899988207,-0.120852518725086,-0.455820836124401,-2.27612344347509,0.82752027510172,0.814979866419971,0.717715447953564,1.07522761349444,-0.423423428631292,0.691042224135307,0.112116391241003,-0.0364605322163568,0.00382953687499318,0.688305999621481,1.04907951270165,0.370555921994225,-0.537302711147279,-0.108294846576264,-0.628889563265145,-0.871737508414593,0.067166318111907,0.386198878523651,1.42248999974656,1.03748658220311,0.326612295401776
"ACH000822",0.179230924611107,-0.160284749904832,-0.428334614782092,1.0018682143291,-1.06347036369699,-0.015601072508871,-0.276008354417138,1.31334353335071,1.25886177013821,-0.11112073099278,1.93639147327874,-0.259937380690749,1.3669062668249,-0.662719538798065,0.797447455746312,-0.368032980441941,0.122325100218601,0.510206283346894,0.823001753275318,-0.219608085751037,-1.0823343893587,0.0488850124876746,-0.431689582790069,-0.599882385745235,1.11127858984125,-0.364408943455313,1.23495443269234,0.986915053109933,1.51492128228537,0.38998962655638,1.08809408660706,0.915128797995413,0.883074221057238,-1.1604739613334,0.283574792597461,1.20753821148237,-1.08089452982667,0.262777175201964,-1.00817841426635,0.112957309762687,-1.00850103989073,1.36398643787469,-1.1592375441711,-0.0869449734909101,-0.460149530334477,0.636230325800886
"ACH000882",-0.154015459809585,-0.01469767393719,0.570136493076146,-0.588896128569483,-0.414037187467212,-1.07419619297946,0.57432948969619,0.435307804595478,-0.206838369635775,0.603513743657796,-1.12215089948148,0.149309980551041,1.25466863119641,-0.222775271156722,-0.608326748152523,-0.922397030591414,-2.0251506036446,-0.198590919948817,-0.520178567764046,-0.40937033450118,0.164661605202163,-0.919762856969601,-0.0961525809962829,1.36785039794213,-1.03732097323109,0.270329664097114,-1.59511281996896,-1.58167528841332,-1.20534225408307,2.1727556894475,-0.354176829581526,-1.79050946412262,0.231788066735612,0.7168836491462,0.224557140814002,0.67560057653826,0.187558286220097,-0.673067287521034,1.42310969332342,1.3429452802821,2.337323235242,-0.644887843675773,-1.84044933634986,0.3264335625719,1.20198766282008,0.415653138008615
"ACH001239",0.0833170089999715,-0.202144244517526,-0.717824766838869,-0.623178895960914,0.788937971619747,0.788364499422495,-0.92970466428615,-0.598607098377826,0.419159007372693,1.02957037182319,-0.423696947625205,-0.382667238270602,-0.114584962242307,-0.662719538798065,1.36171086603145,0.580802627666251,-1.03577338185168,-0.346640206060346,-0.30811151536568,1.2823170529507,-0.81521608348808,1.08265984454931,-2.2739851386791,-0.518710087210332,0.547319512909025,0.238082901349649,-0.961367796820631,-0.811574601248358,-0.107908857954199,-0.437294893173558,-0.779393611260732,-0.862359768166286,-0.402352743102632,0.728404846232194,0.583486086987927,-0.125351549510941,-1.48668651454484,0.42289007439151,-1.178613063937,-0.628889563265145,0.545396637310443,-0.173166024499319,-0.171451701478241,1.06193004524481,1.00905828812827,0.325236458654975
"GSM2138481",0.0151259183029267,-0.17897810042713,-1.00865872842964,0.0731837828332681,0.752813741336946,-0.412575209637197,0.154850632033578,-0.142262422094282,0.8737588658371,0.209896596632913,1.39105273279403,1.78976664385072,-1.42548624699862,1.18165458637319,-0.284203843045877,-0.96120092324487,0.216304299722138,-0.738658063688315,-1.58207230395154,0.563018120476991,-0.269705266293766,-2.22552529549336,-0.0535504564413563,-0.254560518960309,1.69319800611118,-0.713974674747166,-0.151874779080726,0.32398372845701,0.0549536874294545,1.43560113809285,0.568021185041453,-1.41899132072013,-0.299407159387035,-0.199383722379362,0.312690292870412,-1.56920441893591,-1.96770226754996,-1.68220744150917,-0.43974108300628,0.055015878346846,0.0852619368189612,-0.272291311454149,0.689710214700036,0.00751598412907521,-0.33182571238639,-2.77691626330735
"GSM2138482",0.291225456396387,0.137515077933535,0.887381168587979,-0.106176559656017,1.42258190558322,2.01918681944867,0.734963302895638,0.320974447552205,0.754126921256788,0.109874670460625,1.44424503415571,1.71906034034636,-1.46228160084751,0.0978382681329451,0.365054597589351,-0.123741123540589,0.756886941742302,-1.01914984996063,-0.94933936458148,0.0385866183312651,-0.349472219619973,-1.09525798539768,0.575051626334571,-0.897477602945813,0.272803569373368,0.729245828445384,1.00646753867831,0.509142969486769,-0.651480954425174,0.54857705416769,-0.371097329022462,-0.793747793128652,-0.991097403348602,-0.183536456300175,1.68303334684686,-1.16724164869489,-1.33180394136731,-1.34901406308858,-0.573992408070315,6.80433508687812,0.621353167982614,-1.28826984034648,0.690998155082135,-0.0474980350666955,0.218487275698471,-2.90512253136856
"GSM2138487",0.483598914551976,-0.4111168324151,-1.52823123799987,-0.220483726852929,1.41310536575726,0.917161922711399,1.18250916714432,0.340704235900958,1.39998085700263,2.17045864850335,0.872398394275911,0.830981850169046,0.582588536711109,-0.662719538798065,-2.01938362586348,0.468762279869044,0.565919861530776,-1.08185539979092,1.69147395160552,0.972124739461007,-0.424326809376823,-0.281260233951788,-0.436494334357893,-0.818125341135907,0.061593384347746,-0.327571122482466,-2.23256516619404,-1.68238373444411,0.230502589431212,1.52303781725298,0.985728026009354,-1.91931918065675,1.55161356063085,-1.25245027894354,1.51333344222604,-1.07850801919003,-2.75630325731098,-1.6757004341086,-1.05203169731474,-0.628889563265145,-1.64188004085617,0.190485745860285,0.912546658706603,-2.09468874063062,2.05499852193821,-2.48309494179373
"GSM2138488",0.0804610453095286,-0.544768735179394,-0.318451770305719,0.225487555802823,-0.0680925246567656,-1.27062343157405,1.45763260627997,-0.177992371560616,0.571867102591098,-2.26457024148893,0.0274217764114747,1.53748804535899,-1.76715915214178,3.7677000930367,1.41340888978849,-0.61777700891709,-0.625430783874347,-1.45906093131661,0.797346880795555,-0.00612462923933001,-0.162682321133079,-0.420533007757649,-0.687540467225569,-1.29592996777444,0.642161132191233,-1.12113313866599,0.770385517822079,1.47534201762291,0.248885657016048,-0.385285661460456,0.608483628458853,-0.887184425123838,-0.252213843715836,-0.523161060377216,-0.401487287656479,0.937718047496773,-0.25769622011134,-0.307707491434643,-0.599974883477385,-0.108428486199509,-0.304974913148998,0.219542458127647,-0.734797489135294,0.293287863789434,-0.718347191866891,0.0320190507395072
"GSM2138489",0.597616996330809,0.348540682427231,-0.720793581816592,-0.00231477987628629,2.06335921306267,0.538101554536971,-0.860784476642499,0.160232784824892,1.24844023443967,0.827707358103058,0.795056027814373,3.01007644322008,1.0572142578539,2.45468529491454,-0.411477946998549,0.191875086345636,1.40590027664712,-0.590363129540787,-1.54572387883682,0.716237400775872,0.558058955528799,-0.505286883024429,-0.357106402904429,1.52048941980838,1.14274798521895,-0.543648325223915,-1.44140004453284,-0.661665702521816,0.587243667121872,1.92951581735257,0.29579242397497,-0.438907361350199,-0.286782259178561,-1.03485974798806,0.770276375269414,-1.08799198114612,-1.38215857559295,-1.57039072187604,-0.354877265176557,0.424252235379178,-0.22331129353106,0.417907633484196,0.498148955493574,-0.823039693085566,2.41454966784546,-2.44165552300941
"GSM2138491",-0.560137953279191,-1.08282583037341,-0.36029649140879,0.614433369875014,-2.22598470894437,-1.02110106357113,-1.6033453138368,0.348337717950071,1.2678700766815,-0.657833602510618,-0.0762873813965367,0.0406652431625724,-0.96031927131608,-0.662719538798065,-1.34662673615301,-1.08731839013699,-1.38145281484528,0.00900613838281825,0.0282262655212222,0.428054062194242,0.385177280264808,-0.548279259064444,-1.04263496264391,-1.79767100859434,-0.179433776218592,-2.05702269683066,-0.656769108650049,-0.0385758438952634,1.73068480582878,0.320679246512888,1.23394491291566,0.233857971895735,1.47721160451735,-1.55889620053613,-0.0281639247011914,1.91517480740462,-1.04555121251397,0.210197496372171,-0.783655443583677,0.177823194090317,-0.573286294416677,-1.77936172012335,0.692893660145026,0.798942699654401,-0.645975419268446,0.190039105367996
"GSM2138494",0.321887019717562,0.427607191903318,0.151290188062883,0.00215542717437825,1.08250699813943,1.42583695113486,-0.690758836334108,-0.20328590724146,0.940277524179958,2.21264287336159,-1.4260733149417,-0.814771125140347,0.906754012177933,-0.662719538798065,1.45339242677988,0.380493254779709,1.10793917820003,0.919028871344771,0.743791245362687,0.46217312177664,-0.960705736638395,0.517305601015954,0.20787218688496,0.740356481951384,1.42523560186549,0.423248226749436,-1.02788736879323,-0.447961457138475,1.15983925615603,-0.116613593142697,-0.796754616018987,1.33616590726061,-0.0917001381026033,-0.735167340613183,0.715930900582386,0.393122184528484,0.153747948226604,1.43693625450011,-0.684298983242815,-0.301224467232367,-1.42870693334403,1.05897581832902,-1.59576838924561,0.210095134031378,0.415066005630274,0.672058020720452
"GSM2138495",-0.412850276852171,-0.231018874698738,-0.364054622733301,0.51407754125726,-0.870934319308207,-0.898845307567949,-0.944031230518534,0.786202057875783,0.62647674048214,-0.809662537610198,0.279404734428641,2.45261973113164,-1.50161545660027,-0.662719538798065,0.642027239629699,-1.39745260564829,-1.36105849009735,-2.64516314734946,-0.464638593485761,-0.430475399751351,0.272530220789761,0.304490678097983,1.12665902495819,0.618280068230396,0.472509076802108,-2.05461076515703,-0.0765614226220833,0.0148770543081867,0.666492326437165,0.553985272224386,0.509588742705888,1.00618218117778,0.923978634569496,-1.09751682765595,0.198288240717393,0.979944821885149,-0.715160334028588,-0.145609528133458,-0.564955776202134,-0.0304928525690258,-0.723401715725464,-0.895658984609586,0.0142649240536473,-0.322078149873723,-0.987766343970509,-0.229036029540102
"GSM2138496",-0.231521472914398,-0.98203290429257,-0.243765632249847,0.126465276771207,-1.20340754985792,-0.436773314463486,-0.381632240951283,1.11733933880203,0.791316940437529,-0.455291853179678,-0.686601652067174,-0.0444469561589329,-0.292733652920863,-0.662719538798065,2.18484072735038,-0.351870254551012,-2.1630607464692,-1.38877855251447,-0.692118290949525,0.112552551996226,-0.291180855452191,-0.40968993436608,0.757713194947828,-0.953665302666351,-1.15550539536384,-1.39297470183884,0.0037537925281412,-0.214979221414579,0.757846776590478,-0.150751523653075,0.0963443238233915,1.3469845087475,-0.953941719223406,-0.791478917483288,-0.0391720454977328,1.46016227939022,-0.0858915314524047,-0.249025444488551,-0.587040409796432,-0.053105143262,-1.55704744429151,0.839033405730887,-1.19295164994791,-0.431785658707685,-0.923518304837017,0.472140976928275
"GSM2138499",0.514189457924449,0.169158871641626,0.878060468953465,0.476447256845962,-0.286587945673231,0.219179711058137,2.32775318633789,0.94727746565778,0.760675088441313,0.807622725961315,-0.27184746445002,-0.590496522709681,0.52916503230582,-0.662719538798065,1.7160017381203,1.67154737084474,0.362063461083441,-0.0571403720637593,1.13230084373907,0.944585530505089,-0.713799891968648,1.17146587071493,-0.226745917042211,0.125901326440831,0.965863261179531,0.0832797581200728,0.695024193841231,1.93198563168286,-0.708509339970548,-1.14967014502983,0.467021333453402,0.786757211451441,1.31252191249318,-0.967651693507089,-0.307439650114666,-0.643838075175127,1.55718701968272,2.51084241873764,-0.582530159542385,0.0267425969358865,-1.29771565900521,-0.279355487105857,-2.54805721827393,0.116847547548242,-1.04370975825089,0.45988395419757
"GSM2138500",-0.517753646808995,0.0607978680380016,-0.34851250049676,0.463449223937037,-0.528301475399718,-0.853644057805442,-1.10982098066907,-2.09674347311849,0.244849113174663,-0.958536714852083,0.421402137252662,-0.331023430586759,-0.799234369528426,-0.662719538798065,-0.185429850357514,-0.414830122636771,0.0857049237055404,-0.00520588945441134,0.134922776600161,0.624084344771095,-1.00122405755209,0.683325726009823,0.567919718708413,-0.81026576720346,0.314004196168558,-0.24532428583039,-0.773437449097157,-0.202378678720874,0.680088108048834,0.897481702390037,0.904961728921326,0.853586797032852,0.883842358984241,-0.999262500349606,0.173667093913859,0.932435417383471,-0.862375642938627,-0.468137036579498,-0.156980483639634,0.0934431611707186,-0.169779435292473,-0.903495270125145,0.0216840322025749,0.00704251847690219,0.0752234501154306,0.370667663049287
"GSM2138501",-0.0964514161774653,-0.815716136802193,-0.303871585737747,1.28245064520343,-0.693620118099762,-0.342320005679544,-0.329826144930402,-1.08790319695032,1.14493601750502,0.351456072564777,1.0369161864645,0.455781101442731,0.339965595374766,-0.662719538798065,0.0267984221188367,0.346046485792029,-0.720643288016532,-0.228884237156565,0.693926438980802,0.572959550408407,-1.92534785419417,-0.0829392836072649,-0.95189543898906,-0.972124404395123,-0.259183147432018,-1.71717560924965,1.37279787057115,2.39637831192715,1.29291410777802,1.07135311594766,1.47445049085312,0.481467446361905,0.887793172984992,-0.818404083909325,0.8458913096329,0.987324764426057,-0.781145531760542,0.415974426907034,-0.865479834359079,0.0151645962616005,-1.0060517859257,-0.778292944256629,0.564362474190925,0.829349894755935,0.33849957985802,0.0919424644194666
"GSM2138502",-0.0190150058141872,1.10909560171647,0.0917495439642963,0.976384994820268,-0.268461850921108,1.0280356296922,-0.617003068684796,-0.484895964087995,0.967476636295493,1.20605492646007,0.198504011024089,-0.0014328564018465,1.00743752359355,-0.662719538798065,-0.498530110208536,-0.403872504179713,1.95054917523461,-0.446690809909052,0.439456798116931,0.567443935942184,-1.34855120885072,0.754428266553072,3.42737604784781,1.12191773120795,1.09199713354002,0.475579852191636,-0.603753370058374,1.04022696506564,1.18621178448179,1.02669440082971,1.83807548866137,2.02651966512313,0.320720029638611,-1.52822264010822,0.846608125124277,1.59155308618205,0.045319020924601,1.00553181903014,-0.407865325873392,-0.275987338224164,-1.05817899455981,-0.112250950618937,1.32674545786373,-1.11431282222864,1.33129406727483,0.402534256862897
"GSM2138503",0.00961312502368216,0.279293917489916,0.142017271561706,0.115985032063352,-0.444147215595628,0.518554289350998,-1.57944801690573,1.27299527364088,1.05729061829184,0.434320881196875,-0.305699796192921,-0.332280464972755,1.1858096686801,-0.019348813599328,0.292868335324403,0.407487730709705,-0.101902008759673,-0.727486905753127,-1.91688988190701,0.14399624423212,1.21346554714665,0.462799625139544,1.27139129075102,0.122920068448597,1.09236335380435,0.324927055268094,-0.591296825278274,-0.0242738670612571,1.05336675049083,-0.553323122792272,1.32364534615532,1.17578148857596,-1.57200454564684,-0.751357989759671,0.155869066137094,1.3610472014336,0.905238471954628,0.630975049114975,-0.714190925062641,-0.253953509760139,-1.21744196222252,0.540963907497868,0.148122588969593,-1.264902151982,0.0566507697716626,0.514115621352304
"GSM2138504",0.2783273461514,0.314249020814049,-0.109025401831888,0.277495837304272,-1.33088588815625,-0.106229147312311,-0.383055802393292,0.764246801375696,0.860985160639809,0.712947044463878,0.991311830429583,0.0402356381182167,1.61561703707492,-0.662719538798065,-1.09069833628161,0.996847307486457,1.53792276074366,0.168926365370552,1.92293528984935,0.66073860818387,-0.125307017139995,0.691202398742028,0.388183159591523,-0.428687370516799,0.69852250269022,0.546000242457994,-1.45156587631563,-0.128081226097236,0.102451834946318,1.18021919300576,1.14340284639097,-0.363956798520417,1.46000088772014,-0.938894640641562,-1.66749977212615,0.14257497537872,-0.870909888266022,1.07134536690556,-0.448456180322648,-0.18808090564444,-1.23340054801028,-0.507235053611759,-2.17549778891567,-1.63070132570668,0.079658040765522,-0.0685360475034114
"GSM2138505",-0.196151040098566,-0.17036619522139,0.0670049942118735,-1.22949362672288,0.553070017537019,0.723957898154497,0.396512108169231,-2.4651114356868,-1.34335929112699,-0.524225249172013,-0.595570053158099,-0.765634022031209,1.44876096087699,-0.192029507195023,-0.421268869166859,1.16796798892932,-0.880444600120392,1.35351229759764,0.226310492794267,-4.03954745909773,0.191029229970274,-2.19391436881228,0.536901121034639,-0.183425408206912,0.457426224017882,0.17070314994966,-1.04344878459594,-0.260201872227451,-0.829058351752845,-1.95584505606568,-2.21004726872099,-0.692772073427033,-1.61508198027024,0.622297596297475,-1.41349202233156,-1.17613754528971,0.827013902592885,0.394405412091106,-0.799177482380537,-0.15422185545596,0.900190515587672,2.09019282060542,-0.468489227244435,-2.43484317349393,-0.349335571972049,0.533728983271382
"GSM2138506",0.131847479766204,-0.289898137120994,0.588054756119523,-0.743568412962146,0.434691893761902,0.557849666860261,0.0690755330071063,0.324689291121084,-0.39325852453409,0.546923805901353,0.470932921672888,-0.742119614435886,0.01516597664692,-0.662719538798065,-0.391821986767438,-0.236522882948484,0.318351335524331,-0.389271815047319,1.19176936017755,0.402709833096476,0.386359752244713,-1.93130557173499,-0.0634317433538916,0.295456385523134,-1.79241361261283,0.444500698305583,-0.175706675662712,-0.392201804180471,-1.17495763052977,-0.81331883745735,-0.738202758371098,-1.31043990703194,-0.600151277501681,1.07382677187777,0.427716962015665,-1.35149183099656,1.33383874229144,0.693176163970512,0.508867743390465,-0.183663625174325,0.699555548501703,2.55858186345146,-0.295875233814677,0.528396978024415,-0.107961350207272,0.455477040368307
"GSM2138507",0.305638180982679,0.380059090996451,0.00990815632631874,-0.953134743153227,0.317495705470755,0.758490400577396,0.536594625508674,0.157623968834137,-0.926587918807732,0.215878816543889,-1.42589101029731,-0.685931430285402,0.786310650215026,-0.662719538798065,1.37259576094639,1.45194262670045,-0.0193452887126744,-0.0712327408742472,1.26612057119171,-0.294052582166573,0.861346891173356,-0.5830768987104,0.199519106376135,0.359493857111769,0.102162576034891,0.981214923416293,0.20112564846033,-0.850061176467437,-1.93819049885366,-1.24039894672087,-1.36387981306208,0.240903998443335,-1.72144241387221,1.18600690046658,-0.939230000733697,-0.793101244163384,0.848212385855222,-0.479630092860519,-0.151768001390708,-0.17718166629872,1.62044536145914,0.793016012033155,-0.427294760262909,0.0793670535244213,0.938656267624723,0.471895219960173
"GSM2138508",-0.256286993397393,0.681788657343609,-0.13064884342028,0.093839367423318,0.11723759074518,-0.748065166620155,2.69475493098779,2.24013917546384,-1.17473578615974,-0.210052949997251,-2.15887362518942,-0.596516385178131,-1.31356565085133,-0.24648840598853,0.474353721935738,-1.68745305859701,1.06980099774688,-0.620994952665498,0.151877895472615,0.0544706315307025,-1.99512865200943,2.18040726238101,0.261734664113291,0.115785868565173,-0.00549091257613576,0.120417772266186,0.00935777017651202,-0.993358420411366,0.0376460130136538,0.395482481760134,0.233924519406629,-0.0786005566575668,1.05242376467523,0.784107836367375,0.358300568971084,1.18687246582225,-0.172560020267703,0.64311968334729,-0.78406612297845,-0.209088913782255,1.02986494890886,0.237199261075647,0.527933560514192,0.206792990610002,-0.067719761341477,0.551117130431842
"GSM2138509",0.318520157504155,0.0713364795948177,0.440603629243226,-0.499707720992671,0.431767312931733,0.100193114578678,-0.0891088892106058,0.291442464671958,-0.41057271192464,-0.169860027322167,-1.49696194673872,-0.492426602565719,1.62195303315422,0.472340914704244,0.462062583465629,2.02058090585433,0.151886379468952,0.27802130488217,-0.610293784536017,0.0270903774576985,1.9310016012349,0.705112261777749,-0.981685293197242,-1.43111437408381,-0.169780347626802,0.524614981385227,-0.410366797140675,-0.669788057818996,-0.383248185628072,-0.141017277590773,-1.36024117066819,0.222832250454789,-0.756124808556781,1.10128110843572,-0.383257067583514,0.78750866359696,0.849144629795051,0.605901167434433,0.629290884776958,-0.321922165033539,1.70032174943965,1.0962942894403,-0.545084446430792,-0.736186922290683,1.89776747166923,0.54695873171113
"GSM2138513",0.384646946564838,-0.256530023385516,0.109822590484541,-0.503336760929664,1.06440581120754,2.35188503964549,-0.477185510604158,-0.618709986293713,0.159674410981415,1.04542437414988,0.113040184728479,-0.671963067247695,0.780233452497532,-0.188456292608767,-1.56820677793082,0.828067055562152,0.746369830411742,1.50661229899489,0.263198887608211,1.48944469020667,-0.14808596144312,-0.692058476497642,-2.23097314450989,-0.354182815389483,0.724681790826226,0.343036896058139,-0.962566498608009,-0.903683320196164,0.662532732274203,-1.74339990654479,-0.360419242815383,0.159179412099966,-0.375000502717472,0.545234444082684,-0.0206396967794381,-0.659475622417953,-0.220630873503989,1.7447524287986,-0.794323205923932,-0.290507987432515,-0.332584244597707,0.391848823222836,0.855459812210542,-0.796245634428775,0.212273503797797,0.516046785634947
"GSM2138514",-0.485669344413569,-0.0257747811397411,0.13332882695438,-0.0413543161891194,-1.18022973670675,-1.86818451660003,1.18804656045765,-2.12841757026382,-0.934482129513856,-2.3481779695689,1.47976096161257,-0.777069179059298,0.438216224943443,0.842102551870096,0.457182341968447,0.547194922647354,-0.742476520997684,-0.114907943851949,-1.10217390988116,-2.49113076304748,-0.227252140723715,0.460922458381763,0.862781528932244,0.0607412361137354,0.0162910159165512,-0.171726853819525,0.889221004161666,1.21445333827645,-0.297375253386129,-1.05073476677916,-0.359673564614426,-0.574196673897265,-0.111174297084972,0.130117145368472,-0.204203628290408,0.00120209948489198,0.874143613647472,0.790035080113484,-0.501973822678291,-0.628889563265145,-0.666956332505272,-0.056363624200874,-1.31785223950306,0.367148088042006,-1.91277807832167,0.612411464637478
"GSM2138515",-0.275075611902307,0.060495628274793,0.101284466227752,-0.272272337872439,0.621351157753761,-0.427765498057311,-0.222547009350024,-0.131440794789868,-0.802700223152842,0.617792672250468,-1.97056653521416,-0.611551653170294,-0.614956168351129,-0.662719538798065,-0.789638894570024,-0.929790679013804,-0.563361442241417,1.83535303099875,-0.0381278163466691,-1.01607650078861,0.214550048912372,0.0307427418246397,-0.574863579922992,1.26056810758873,-0.975865706837831,-0.117908499594539,0.147814263830464,-1.28347544401943,0.365205615536769,0.138220572689246,-1.2120734779087,0.407952029701879,-0.469549924937301,1.31571543935072,0.804466257932734,0.00468453214841375,0.765586684910121,-0.673932433537659,0.659131238383994,-0.345647624845449,1.36415777710696,-0.290171637436015,1.47670423466116,0.980861000670848,0.267268467245036,0.355238186506029
"GSM2138516",-0.376225141220882,-0.380840286529135,0.0841371683797513,0.0850436554270264,-0.420175466592512,-1.05916911904985,0.252045177673071,0.32834582033255,-0.645489682170256,-0.483725401512313,-0.969587312614151,-0.520916940064118,-0.981082596878042,-0.662719538798065,-0.197100963020496,-1.26314997160662,-1.06421795871907,0.668660724845431,1.01581183052553,-0.413199374298784,-0.937413987254864,0.329671366100462,-0.722552669827906,-0.744210319362157,-0.608110147707269,-0.987084120220834,1.45548092042995,0.648131079551218,0.447394663845473,-0.846027498348062,-0.725387316678407,0.298844630476701,-0.683130891287688,0.94045208645771,-0.253969302075443,-0.380524366296168,0.411933060285421,-0.110646628797107,0.0157105897509854,0.0195516522797058,1.13062184403283,-1.57972140910483,0.140102655739202,0.791375125827635,-0.781299734244577,0.297325655943166
"GSM2138520",-0.0147537720536193,-0.098091073970612,0.506409152035249,-0.80305869040312,1.07951088088754,0.546227764325659,-0.155476028340934,-0.145881851059809,-1.49184900521651,0.300844253411796,0.0378057421096767,-0.649547646844993,0.421574487647376,-0.254195147592105,-0.997415124610948,-2.25933550437389,-0.252984952110336,0.146767703809912,-1.1492438180396,-4.19254601409762e-05,2.85709963332617,-0.826648016407973,0.357599289494822,2.32381970023857,-2.23656307721747,0.284699929714351,-0.178647598514999,-1.21791628992612,-2.8391317355425,0.349098088561406,-0.476238714361054,-0.920791563389402,-0.337783019649174,1.08892440063566,0.956647332155321,-1.31171934228303,1.02353558315908,-0.772883183702864,2.112396141387,-0.337411932702218,-0.336560391506248,-0.381243784292124,0.761357292352879,0.47479186890847,0.472878022708754,0.25474848024831
"GSM2138521",-0.0274640382507834,0.340939671601764,0.328927745817187,-1.04623069032944,-0.23063661418015,-0.760398583438539,0.0792168455017861,0.397333579627591,-1.33873868156153,0.078195468716188,0.533791275291264,-0.626127974953915,-0.391423623349261,-0.219137117208547,-0.00135320549687216,-0.585675395941696,-0.415644394454716,0.69319016972936,-0.5850532849256,0.903026028595777,0.303091858270863,-0.0986824795058139,-0.577314904139525,1.18093039959265,-0.256377264806515,0.972556370776285,-0.430252430182978,-0.872470866320821,-0.317142882908952,-1.32629147409622,-1.61688742280016,-2.21296580978994,-0.54760394620703,0.869452222928272,0.592346496586734,-0.63753904768602,0.619994175249997,-0.627657464315501,1.32024029086253,0.00313398147172354,1.58110997374998,-0.785044705868889,-0.148515900963411,1.249988164023,0.157143144964335,0.295638396096206
"GSM2138524",0.0808127739103745,0.613394655360387,0.343591139634104,0.369699603698608,0.0627661992052727,0.570773641212902,0.323220862175925,0.205323839951865,0.0688213776417329,-0.335231355171679,-0.147088392475422,0.555668764429547,-0.979519042394757,-0.176874259444569,-0.0100095758007625,0.121714906869211,0.585575081864762,0.00535925546476,0.13162022055454,0.698022703454719,0.186443840624066,1.25330550401479,0.3110918647225,0.737249453544653,0.0941915919630262,0.330413410170154,1.00440812509165,-0.310193492303676,0.65374803739416,0.672514458781608,0.112694103319965,1.52919960777946,-1.07447361417291,0.39864565947589,-1.52545442970034,0.332304646790323,0.873809458639461,-0.0696716398663723,0.599436877131707,-0.0292101373683793,0.981935681242826,-0.253642348866149,-0.0207359136038309,0.571584969915838,-0.929491536725017,0.36943001793632
"GSM2138525",-0.260474481898788,-0.50239711983194,-0.0710756683840853,0.633208245402588,-1.57014920029504,-1.24483366171687,-0.57386221492884,-0.369991787182803,-1.14035611588382,-1.7727065965146,0.770998601788205,1.02576163774387,0.34289250855477,0.184182128332697,0.415173662171697,0.26176526355863,-1.17306354478934,0.451954522417438,-1.371121147614,-0.22015291111882,-0.237028033678147,0.370066878169937,-0.557938793160857,-1.69900001592849,-2.05789689155642,1.11478973845106,1.67803866793046,1.53113473279566,-0.342994928303794,-0.916657566079686,0.324641328606447,0.649698939041569,1.50859654382746,0.574491765416398,-2.3734171345926,0.224576550440436,-0.179856744155608,-0.488966500982507,0.409155170980039,-0.0246345993782651,0.486262789990527,0.382953180457324,1.38195375653116,1.01873267824174,-1.52943711042104,0.496693690178648
"GSM2138526",-0.0140365281438531,0.197989636580624,0.375710752839485,0.0923897471007967,-0.785162617263289,-0.277587476684862,-0.499877573279447,-0.397819653768071,-1.28582988167049,-0.279895763324851,-0.219000858809564,-0.16224890605629,-0.225877636734672,-0.162829300674259,0.334086659006054,0.0821190235333178,-0.700336445810678,1.11750479399729,0.0832606230226466,0.267883855995113,0.914896908883087,0.616172564567894,-0.831402586338915,0.894820986704212,-1.38518307654714,2.48991015026213,1.91950543165959,0.989896596180958,-1.15087572104384,-0.863018962064671,-0.029228536757851,-0.539271323913026,0.319720745644417,1.04582294522048,-1.37262797139651,-0.930714345392789,0.655965580680185,-0.797590439675806,1.40249469451399,0.24197317583957,0.301945863226867,0.0316885078453649,1.54056127492132,1.41735613216234,-0.967722811305698,0.419172466205886
"GSM2138528",0.0687554623334767,0.745115788094969,0.741013732525214,0.0492409409104306,0.768346608891467,-0.477747340501446,-0.868117868658536,0.542809017169017,-1.5309623400098,-0.552272520211491,0.864282741165516,-0.822313505830723,-0.393355195671242,-0.662719538798065,-1.38366605474624,1.61205652797997,1.36618973346596,2.38851699998507,0.0460292429558754,-0.95382658290967,0.923309404182648,1.42757901834496,-0.563276355095969,1.14975310118667,-0.227437307964893,1.20563848888376,1.1206017821455,-0.889686674406952,-1.18598434217989,1.39700494646548,-0.62142201032651,-0.481360056369714,1.0055329410451,1.2618479825868,0.597527313616145,-0.52244872166603,1.02338024433389,-0.644574777019425,2.90903833838517,-0.323788875598779,0.857363837844298,-0.693937475959467,-0.732270781908926,1.84491124236888,0.4073227002454,0.48479990893521
